customer_id,first_outflow_date,count_outflows_total
CNB0000003,2024-11-27,38
CNB0000004,2024-10-16,12
CNB0000006,2024-06-02,22
CNB0000007,2024-02-22,9
CNB0000008,2024-03-09,54
CNB0000015,2024-07-14,19
CNB0000018,2024-03-26,19
CNB0000020,2024-05-12,3
CNB0000023,2024-01-24,3
CNB0000024,2025-01-21,25
CNB0000025,2025-02-24,3
CNB0000028,2024-01-10,41
CNB0000029,2024-09-10,19
CNB0000034,2024-03-03,3
CNB0000035,2024-05-01,3
CNB0000036,2024-10-31,48
CNB0000039,2024-07-06,22
CNB0000040,2024-11-29,9
CNB0000041,2024-09-02,80
CNB0000044,2024-09-18,48
CNB0000045,2024-06-09,86
CNB0000046,2024-07-13,19
CNB0000054,2024-01-15,3
CNB0000066,2024-12-18,6
CNB0000067,2024-08-04,3
CNB0000068,2024-01-21,51
CNB0000071,2024-11-28,6
CNB0000073,2024-06-19,16
CNB0000077,2024-05-22,12
CNB0000078,2024-05-23,19
CNB0000081,2024-06-19,3
CNB0000085,2024-04-23,3
CNB0000087,2024-05-15,112
CNB0000089,2024-01-19,16
CNB0000092,2024-08-19,12
CNB0000099,2024-09-01,112
CNB0000102,2024-03-06,28
CNB0000103,2024-02-12,141
CNB0000105,2024-09-18,6
CNB0000106,2024-01-02,19
CNB0000108,2024-06-28,35
CNB0000119,2024-04-24,77
CNB0000120,2024-01-30,25
CNB0000121,2024-02-07,3
CNB0000124,2024-08-15,64
CNB0000125,2024-02-02,22
CNB0000126,2024-06-08,25
CNB0000127,2024-10-10,6
CNB0000131,2024-06-04,12
CNB0000132,2024-01-24,35
CNB0000133,2024-01-22,57
CNB0000134,2024-07-24,9
CNB0000136,2024-04-10,25
CNB0000137,2024-02-08,48
CNB0000138,2024-08-06,3
CNB0000140,2024-02-12,41
CNB0000141,2024-02-18,3
CNB0000144,2024-02-23,3
CNB0000145,2024-03-30,45
CNB0000149,2024-01-10,3
CNB0000150,2024-02-22,22
CNB0000158,2024-03-30,45
CNB0000160,2025-01-27,9
CNB0000162,2024-11-10,9
CNB0000163,2024-05-28,3
CNB0000168,2024-11-19,12
CNB0000169,2024-03-10,3
CNB0000171,2024-02-03,28
CNB0000173,2024-03-08,12
CNB0000178,2024-11-14,51
CNB0000179,2024-03-02,3
CNB0000180,2024-08-21,16
CNB0000184,2024-08-20,6
CNB0000186,2024-01-26,12
CNB0000187,2024-10-20,41
CNB0000188,2024-04-09,3
CNB0000189,2024-09-18,12
CNB0000191,2024-11-21,102
CNB0000196,2024-10-18,77
CNB0000200,2024-02-25,9
CNB0000205,2024-01-13,9
CNB0000206,2024-09-13,16
CNB0000214,2024-11-25,6
CNB0000223,2024-01-04,35
CNB0000228,2024-07-03,9
CNB0000232,2024-10-20,51
CNB0000233,2024-11-11,19
CNB0000234,2025-01-11,3
CNB0000235,2024-02-25,22
CNB0000236,2024-09-17,3
CNB0000238,2024-07-17,48
CNB0000239,2024-05-13,28
CNB0000243,2025-01-11,57
CNB0000244,2024-02-21,28
CNB0000245,2024-07-25,96
CNB0000246,2024-09-01,3
CNB0000248,2024-07-28,3
CNB0000250,2024-04-16,38
CNB0000254,2024-08-21,3
CNB0000256,2024-02-25,6
CNB0000258,2024-09-18,12
CNB0000261,2024-04-26,3
CNB0000264,2024-02-03,86
CNB0000265,2025-01-18,16
CNB0000268,2024-09-05,35
CNB0000271,2024-12-17,6
CNB0000275,2025-01-10,6
CNB0000278,2024-04-25,12
CNB0000280,2024-04-08,9
CNB0000283,2024-01-08,9
CNB0000286,2024-06-21,3
CNB0000287,2024-01-22,41
CNB0000292,2025-02-20,6
CNB0000295,2024-12-19,61
CNB0000302,2024-10-15,32
CNB0000305,2024-12-06,57
CNB0000308,2024-06-09,45
CNB0000310,2024-05-21,6
CNB0000313,2024-12-26,3
CNB0000315,2024-03-24,54
CNB0000318,2024-01-09,16
CNB0000319,2024-02-02,12
CNB0000320,2024-12-30,19
CNB0000321,2024-01-06,16
CNB0000323,2024-02-11,3
CNB0000325,2024-08-19,45
CNB0000328,2024-04-11,38
CNB0000330,2024-08-09,19
CNB0000331,2024-10-03,41
CNB0000334,2024-08-21,6
CNB0000337,2024-02-17,3
CNB0000340,2024-05-08,3
CNB0000341,2024-09-28,3
CNB0000343,2024-08-18,19
CNB0000344,2024-11-03,3
CNB0000349,2024-07-07,28
CNB0000351,2024-12-17,9
CNB0000352,2024-01-14,12
CNB0000353,2024-11-12,3
CNB0000360,2024-09-18,3
CNB0000366,2024-11-18,3
CNB0000368,2024-03-14,16
CNB0000375,2024-01-13,25
CNB0000379,2024-03-28,19
CNB0000387,2024-06-16,3
CNB0000388,2024-07-08,3
CNB0000389,2024-10-13,3
CNB0000397,2024-09-15,9
CNB0000399,2024-09-25,61
CNB0000400,2024-01-25,86
CNB0000402,2024-11-14,32
CNB0000404,2024-01-02,45
CNB0000409,2024-10-07,35
CNB0000414,2024-07-13,3
CNB0000417,2024-09-24,3
CNB0000420,2024-05-06,3
CNB0000422,2024-01-15,6
CNB0000425,2024-12-29,38
CNB0000433,2024-09-23,25
CNB0000435,2024-03-12,3
CNB0000436,2024-02-26,57
CNB0000437,2024-11-18,6
CNB0000447,2024-07-06,19
CNB0000452,2024-11-28,54
CNB0000454,2024-06-03,67
CNB0000460,2024-05-30,3
CNB0000461,2024-04-18,9
CNB0000466,2024-10-25,3
CNB0000467,2024-11-02,12
CNB0000468,2024-08-25,86
CNB0000472,2024-02-28,48
CNB0000474,2024-05-20,28
CNB0000482,2024-09-04,3
CNB0000484,2024-04-18,45
CNB0000488,2024-04-25,25
CNB0000490,2024-11-29,3
CNB0000491,2024-08-29,41
CNB0000497,2025-02-14,3
CNB0000500,2024-03-06,3
CNB0000502,2024-02-22,12
CNB0000506,2024-07-25,16
CNB0000511,2024-10-16,3
CNB0000512,2024-03-16,6
CNB0000513,2024-01-27,64
CNB0000514,2025-02-21,3
CNB0000515,2024-09-09,9
CNB0000516,2024-06-20,25
CNB0000517,2024-04-25,3
CNB0000518,2024-08-04,3
CNB0000520,2024-02-12,3
CNB0000523,2025-01-14,19
CNB0000524,2024-02-28,3
CNB0000525,2024-02-26,6
CNB0000526,2024-12-05,3
CNB0000527,2024-08-19,3
CNB0000528,2024-11-24,19
CNB0000530,2024-04-26,35
CNB0000535,2024-08-19,25
CNB0000537,2024-05-15,9
CNB0000543,2025-01-02,12
CNB0000547,2024-01-11,6
CNB0000549,2024-04-11,6
CNB0000551,2024-07-29,3
CNB0000553,2024-06-04,3
CNB0000554,2024-01-15,19
CNB0000556,2025-01-08,67
CNB0000558,2024-06-07,22
CNB0000562,2024-06-09,51
CNB0000567,2024-11-25,35
CNB0000571,2024-10-01,3
CNB0000572,2024-09-11,41
CNB0000573,2024-09-18,3
CNB0000575,2024-10-10,25
CNB0000576,2024-02-23,19
CNB0000577,2024-03-26,16
CNB0000579,2024-10-27,3
CNB0000580,2024-08-30,16
CNB0000581,2024-04-27,16
CNB0000583,2025-02-09,3
CNB0000586,2024-06-26,12
CNB0000587,2024-10-29,6
CNB0000588,2024-05-20,12
CNB0000590,2024-10-30,22
CNB0000591,2024-12-17,6
CNB0000594,2025-01-19,38
CNB0000597,2024-10-09,51
CNB0000599,2024-03-04,19
CNB0000600,2024-10-27,19
CNB0000601,2024-11-05,38
CNB0000607,2024-08-22,3
CNB0000610,2024-09-18,16
CNB0000611,2025-01-20,9
CNB0000612,2024-08-08,6
CNB0000613,2024-03-31,6
CNB0000614,2025-02-03,3
CNB0000615,2024-05-18,3
CNB0000616,2024-03-09,22
CNB0000618,2025-02-22,3
CNB0000622,2024-01-11,32
CNB0000624,2024-05-02,12
CNB0000635,2024-11-18,6
CNB0000636,2024-02-23,16
CNB0000637,2025-01-28,70
CNB0000644,2024-01-27,12
CNB0000645,2024-01-14,9
CNB0000646,2024-06-24,9
CNB0000650,2024-06-16,6
CNB0000651,2024-07-10,67
CNB0000652,2024-09-03,6
CNB0000654,2024-03-01,19
CNB0000656,2024-03-26,64
CNB0000657,2024-02-20,19
CNB0000658,2024-08-22,25
CNB0000664,2024-11-08,3
CNB0000665,2024-12-18,9
CNB0000667,2024-12-24,3
CNB0000668,2024-02-19,9
CNB0000678,2024-02-15,19
CNB0000679,2024-02-21,16
CNB0000681,2024-10-02,6
CNB0000686,2024-06-30,6
CNB0000688,2024-12-12,25
CNB0000689,2024-09-18,3
CNB0000693,2024-07-20,16
CNB0000700,2024-10-13,28
CNB0000701,2025-02-08,45
CNB0000705,2024-02-10,16
CNB0000706,2024-12-17,16
CNB0000712,2024-09-18,25
CNB0000717,2024-03-03,3
CNB0000718,2024-10-09,115
CNB0000722,2024-05-24,19
CNB0000735,2024-11-02,3
CNB0000737,2024-10-24,51
CNB0000738,2024-02-23,41
CNB0000741,2024-01-31,51
CNB0000742,2024-08-08,61
CNB0000743,2025-01-24,3
CNB0000744,2024-01-18,90
CNB0000745,2024-09-18,3
CNB0000750,2024-01-18,12
CNB0000753,2024-03-01,28
CNB0000754,2025-02-09,12
CNB0000757,2024-07-19,12
CNB0000758,2025-01-15,19
CNB0000764,2024-03-18,16
CNB0000767,2024-07-01,12
CNB0000768,2024-10-31,38
CNB0000769,2024-09-07,32
CNB0000772,2024-09-25,22
CNB0000779,2024-02-06,3
CNB0000781,2024-04-17,64
CNB0000787,2024-03-09,16
CNB0000788,2024-01-01,83
CNB0000796,2024-01-17,3
CNB0000800,2024-06-23,54
CNB0000802,2024-06-15,22
CNB0000805,2024-10-21,102
CNB0000806,2024-09-01,6
CNB0000807,2025-01-02,3
CNB0000812,2024-10-07,25
CNB0000813,2024-03-20,16
CNB0000816,2024-07-05,12
CNB0000817,2024-03-11,9
CNB0000821,2025-02-08,25
CNB0000822,2024-09-17,22
CNB0000826,2024-05-13,35
CNB0000828,2024-03-25,73
CNB0000829,2024-05-09,35
CNB0000832,2024-09-18,19
CNB0000835,2024-11-11,41
CNB0000843,2024-08-11,38
CNB0000844,2024-04-12,19
CNB0000846,2024-08-13,6
CNB0000850,2024-04-16,3
CNB0000852,2024-03-13,80
CNB0000855,2024-07-09,28
CNB0000856,2024-09-24,41
CNB0000857,2024-11-20,61
CNB0000858,2024-03-02,61
CNB0000864,2024-10-28,38
CNB0000868,2024-02-18,3
CNB0000873,2024-09-18,32
CNB0000876,2024-02-19,12
CNB0000881,2024-07-15,9
CNB0000884,2024-12-18,3
CNB0000885,2024-09-23,35
CNB0000896,2024-03-25,77
CNB0000898,2024-08-04,22
CNB0000899,2024-04-12,12
CNB0000905,2024-08-05,9
CNB0000910,2024-10-01,16
CNB0000911,2024-06-06,147
CNB0000914,2024-11-20,64
CNB0000916,2024-01-24,19
CNB0000930,2024-07-16,54
CNB0000941,2024-05-05,3
CNB0000944,2024-02-10,3
CNB0000945,2024-03-26,12
CNB0000950,2024-04-23,6
CNB0000951,2024-03-17,12
CNB0000954,2024-04-05,25
CNB0000955,2024-09-23,3
CNB0000961,2024-10-06,41
CNB0000963,2024-07-21,25
CNB0000964,2024-03-23,9
CNB0000965,2024-01-22,9
CNB0000973,2025-01-08,19
CNB0000974,2024-07-22,22
CNB0000977,2024-02-17,32
CNB0000981,2024-01-09,3
CNB0000982,2024-06-23,12
CNB0000986,2024-07-20,9
CNB0000987,2025-02-21,83
CNB0000988,2024-03-08,9
CNB0000990,2024-03-24,19
CNB0000993,2024-07-31,3
CNB0000995,2024-04-08,6
CNB0000999,2024-01-19,16
CNB0001000,2024-03-19,28
CNB0001003,2024-03-23,12
CNB0001013,2024-12-18,6
CNB0001016,2024-09-28,51
CNB0001019,2024-08-23,22
CNB0001024,2024-03-08,22
CNB0001028,2025-01-02,3
CNB0001032,2024-01-15,9
CNB0001033,2025-01-05,12
CNB0001034,2024-01-10,6
CNB0001037,2024-09-18,22
CNB0001040,2024-09-18,19
CNB0001041,2024-01-28,19
CNB0001042,2024-11-06,3
CNB0001047,2024-06-15,25
CNB0001049,2024-03-22,35
CNB0001052,2024-05-21,16
CNB0001062,2024-03-07,12
CNB0001064,2024-12-15,6
CNB0001065,2024-03-21,6
CNB0001067,2024-08-09,3
CNB0001074,2024-06-25,25
CNB0001077,2024-01-27,25
CNB0001084,2024-08-20,3
CNB0001086,2024-07-13,3
CNB0001089,2024-11-26,64
CNB0001090,2024-10-28,38
CNB0001095,2024-07-11,6
CNB0001096,2024-01-22,25
CNB0001098,2024-10-25,9
CNB0001099,2024-08-19,9
CNB0001100,2024-09-18,12
CNB0001103,2024-11-05,3
CNB0001108,2024-06-25,3
CNB0001110,2024-02-04,32
CNB0001113,2024-07-21,22
CNB0001117,2024-10-10,16
CNB0001118,2024-07-08,77
CNB0001120,2024-07-19,22
CNB0001121,2024-09-27,25
CNB0001122,2025-01-09,3
CNB0001123,2024-09-18,80
CNB0001126,2024-07-06,6
CNB0001127,2024-11-29,32
CNB0001129,2024-07-03,25
CNB0001130,2024-07-07,3
CNB0001132,2024-08-02,6
CNB0001143,2024-11-16,3
CNB0001146,2024-12-31,25
CNB0001149,2024-01-12,61
CNB0001150,2024-02-25,3
CNB0001162,2024-03-12,112
CNB0001165,2024-07-29,90
CNB0001167,2024-10-01,3
CNB0001172,2024-03-31,25
CNB0001173,2024-08-27,6
CNB0001174,2024-12-15,16
CNB0001177,2024-02-12,16
CNB0001180,2024-09-18,6
CNB0001181,2024-07-29,3
CNB0001182,2024-06-26,12
CNB0001184,2024-01-20,38
CNB0001186,2024-01-19,32
CNB0001195,2024-01-19,73
CNB0001199,2024-11-11,16
CNB0001201,2024-09-09,19
CNB0001202,2024-01-23,3
CNB0001209,2024-09-28,28
CNB0001210,2024-11-17,9
CNB0001211,2024-07-07,45
CNB0001223,2025-02-23,54
CNB0001229,2024-07-24,6
CNB0001231,2024-09-05,3
CNB0001232,2024-08-15,3
CNB0001237,2024-06-24,9
CNB0001240,2025-02-06,25
CNB0001241,2024-02-09,3
CNB0001245,2024-02-28,35
CNB0001250,2024-02-12,9
CNB0001251,2024-10-10,19
CNB0001252,2024-05-07,83
CNB0001257,2024-12-03,6
CNB0001261,2024-02-27,3
CNB0001265,2024-09-22,77
CNB0001272,2024-05-22,25
CNB0001281,2024-01-28,41
CNB0001282,2024-10-03,6
CNB0001283,2025-01-22,9
CNB0001286,2024-03-18,6
CNB0001288,2024-01-11,3
CNB0001294,2024-02-24,80
CNB0001300,2024-03-09,9
CNB0001305,2024-10-01,6
CNB0001308,2024-03-29,9
CNB0001310,2024-01-29,9
CNB0001311,2024-03-21,16
CNB0001313,2024-09-14,3
CNB0001314,2024-01-16,35
CNB0001316,2024-10-17,22
CNB0001325,2024-06-21,3
CNB0001337,2024-05-24,16
CNB0001338,2024-08-29,16
CNB0001339,2024-03-30,22
CNB0001342,2024-05-16,12
CNB0001346,2024-03-06,9
CNB0001351,2024-01-29,25
CNB0001352,2024-09-23,22
CNB0001353,2024-09-23,35
CNB0001354,2025-02-12,3
CNB0001364,2024-08-11,3
CNB0001366,2024-04-09,3
CNB0001371,2024-11-24,3
CNB0001373,2024-08-03,3
CNB0001376,2024-05-12,38
CNB0001382,2024-11-23,28
CNB0001384,2024-06-27,9
CNB0001385,2024-08-06,16
CNB0001386,2024-02-22,32
CNB0001387,2024-02-01,6
CNB0001390,2024-01-01,16
CNB0001392,2024-12-17,35
CNB0001394,2025-02-21,3
CNB0001398,2024-01-25,38
CNB0001403,2024-12-17,35
CNB0001404,2024-12-07,28
CNB0001405,2024-12-29,19
CNB0001406,2024-07-27,3
CNB0001408,2024-05-11,16
CNB0001409,2024-01-04,61
CNB0001413,2024-12-16,9
CNB0001415,2024-04-13,3
CNB0001418,2024-03-15,6
CNB0001419,2024-06-24,19
CNB0001422,2024-03-22,35
CNB0001425,2024-02-05,25
CNB0001428,2024-06-20,25
CNB0001433,2024-04-06,32
CNB0001435,2024-01-11,25
CNB0001442,2024-11-21,35
CNB0001447,2025-01-30,3
CNB0001454,2024-02-14,9
CNB0001459,2024-02-02,45
CNB0001462,2024-02-26,6
CNB0001467,2024-02-14,3
CNB0001471,2024-02-29,3
CNB0001476,2024-08-10,16
CNB0001480,2024-06-05,32
CNB0001481,2024-02-16,6
CNB0001483,2024-09-20,3
CNB0001490,2024-10-27,9
CNB0001498,2024-06-09,3
CNB0001500,2024-11-18,96
CNB0001516,2024-11-27,9
CNB0001517,2024-02-06,3
CNB0001518,2024-08-03,22
CNB0001519,2024-12-13,19
CNB0001520,2024-02-15,38
CNB0001522,2024-02-20,32
CNB0001524,2024-07-28,28
CNB0001528,2024-01-03,25
CNB0001529,2024-05-31,12
CNB0001535,2024-03-08,12
CNB0001542,2024-07-14,6
CNB0001544,2025-02-11,6
CNB0001552,2024-01-03,3
CNB0001555,2024-12-18,45
CNB0001556,2024-06-09,3
CNB0001557,2024-07-20,3
CNB0001558,2024-01-22,38
CNB0001559,2025-02-08,9
CNB0001563,2024-02-17,12
CNB0001565,2024-06-06,16
CNB0001566,2024-03-26,3
CNB0001567,2024-10-05,22
CNB0001572,2024-02-17,6
CNB0001573,2024-02-14,22
CNB0001575,2024-08-11,57
CNB0001576,2024-01-29,3
CNB0001580,2024-09-18,16
CNB0001581,2024-11-29,6
CNB0001584,2024-06-28,45
CNB0001587,2024-02-26,19
CNB0001588,2024-05-06,25
CNB0001590,2024-05-05,61
CNB0001593,2024-03-26,32
CNB0001596,2024-03-24,32
CNB0001602,2025-01-27,64
CNB0001607,2024-08-05,32
CNB0001608,2024-07-05,6
CNB0001612,2024-04-16,6
CNB0001613,2024-06-05,3
CNB0001616,2024-05-02,22
CNB0001617,2024-04-13,73
CNB0001622,2024-07-22,3
CNB0001623,2024-02-26,3
CNB0001630,2024-01-28,22
CNB0001636,2024-11-23,6
CNB0001637,2024-03-16,25
CNB0001639,2024-11-24,3
CNB0001641,2024-01-11,6
CNB0001643,2024-02-01,6
CNB0001645,2024-03-29,12
CNB0001651,2024-03-11,32
CNB0001659,2024-07-04,19
CNB0001661,2024-03-09,22
CNB0001668,2024-10-11,19
CNB0001670,2024-09-18,45
CNB0001672,2024-01-24,19
CNB0001674,2024-06-13,3
CNB0001677,2024-09-15,35
CNB0001681,2024-10-05,41
CNB0001682,2024-07-04,35
CNB0001685,2024-06-28,19
CNB0001688,2024-09-21,32
CNB0001689,2024-02-12,3
CNB0001690,2024-09-29,25
CNB0001692,2024-07-26,12
CNB0001695,2024-07-12,12
CNB0001699,2024-03-02,16
CNB0001700,2024-02-25,16
CNB0001701,2024-06-29,32
CNB0001704,2024-01-23,38
CNB0001706,2024-02-18,6
CNB0001708,2024-10-09,3
CNB0001709,2024-04-18,3
CNB0001710,2024-12-27,16
CNB0001715,2024-07-11,6
CNB0001716,2024-10-05,38
CNB0001720,2024-07-20,25
CNB0001723,2024-10-23,64
CNB0001725,2024-06-22,6
CNB0001726,2024-03-02,3
CNB0001733,2025-01-18,3
CNB0001734,2024-06-05,3
CNB0001736,2024-02-16,6
CNB0001737,2024-08-19,6
CNB0001740,2025-01-03,3
CNB0001746,2024-07-10,16
CNB0001747,2025-02-15,12
CNB0001749,2024-12-14,19
CNB0001752,2024-01-01,3
CNB0001762,2024-01-22,83
CNB0001763,2024-08-23,19
CNB0001764,2024-10-26,41
CNB0001771,2024-06-19,3
CNB0001773,2024-12-21,25
CNB0001782,2024-10-19,73
CNB0001783,2024-07-27,93
CNB0001786,2024-12-15,19
CNB0001789,2024-09-04,22
CNB0001792,2024-04-18,57
CNB0001793,2024-04-30,45
CNB0001794,2024-09-05,70
CNB0001796,2024-10-12,61
CNB0001806,2024-03-07,3
CNB0001809,2024-12-07,54
CNB0001810,2024-10-06,22
CNB0001811,2024-03-08,3
CNB0001812,2024-05-07,35
CNB0001815,2024-01-04,9
CNB0001816,2024-05-31,38
CNB0001819,2024-10-04,3
CNB0001822,2024-10-19,12
CNB0001823,2025-01-20,3
CNB0001828,2024-02-18,28
CNB0001832,2024-03-22,112
CNB0001838,2024-01-30,38
CNB0001839,2024-01-29,90
CNB0001841,2024-05-11,25
CNB0001846,2024-06-04,3
CNB0001855,2024-09-30,22
CNB0001862,2024-01-15,67
CNB0001864,2024-08-14,3
CNB0001869,2024-04-10,3
CNB0001871,2024-08-25,19
CNB0001872,2024-01-23,12
CNB0001874,2024-06-28,3
CNB0001883,2024-02-06,61
CNB0001885,2024-10-18,6
CNB0001892,2024-06-14,3
CNB0001895,2024-04-23,19
CNB0001896,2025-01-06,3
CNB0001898,2024-11-24,9
CNB0001904,2024-03-05,12
CNB0001905,2024-07-15,12
CNB0001906,2024-05-06,64
CNB0001908,2024-12-05,3
CNB0001909,2024-09-17,35
CNB0001910,2025-01-11,67
CNB0001912,2024-01-07,38
CNB0001917,2024-01-30,35
CNB0001920,2024-06-17,16
CNB0001925,2024-04-16,67
CNB0001930,2024-08-19,3
CNB0001931,2024-02-17,19
CNB0001933,2024-11-04,3
CNB0001936,2025-01-03,6
CNB0001938,2024-01-11,25
CNB0001943,2024-02-14,3
CNB0001947,2024-09-20,54
CNB0001951,2024-05-15,16
CNB0001952,2024-09-27,41
CNB0001953,2024-01-30,3
CNB0001955,2024-10-15,22
CNB0001956,2024-10-06,45
CNB0001959,2024-06-18,205
CNB0001965,2024-11-04,3
CNB0001971,2024-11-27,3
CNB0001975,2024-11-01,19
CNB0001976,2024-12-22,9
CNB0001977,2024-05-26,12
CNB0001978,2024-08-19,3
CNB0001979,2024-05-04,9
CNB0001981,2024-05-04,6
CNB0001982,2024-08-25,32
CNB0001983,2024-12-02,61
CNB0001986,2025-02-22,16
CNB0001990,2024-12-05,16
CNB0001992,2024-05-07,83
CNB0001994,2024-04-26,32
CNB0001997,2024-01-08,22
CNB0002000,2025-02-07,3
CNB0002003,2024-04-23,51
CNB0002006,2024-04-30,3
CNB0002009,2024-07-14,32
CNB0002011,2024-02-14,12
CNB0002019,2024-05-10,9
CNB0002022,2024-01-12,9
CNB0002024,2024-04-15,3
CNB0002025,2025-01-10,3
CNB0002026,2024-10-11,19
CNB0002034,2024-06-02,41
CNB0002035,2024-09-21,54
CNB0002039,2024-01-10,3
CNB0002043,2024-08-16,45
CNB0002044,2024-09-09,45
CNB0002054,2024-07-27,6
CNB0002058,2024-05-21,48
CNB0002068,2024-04-10,54
CNB0002069,2024-06-23,25
CNB0002070,2024-09-18,35
CNB0002071,2024-02-10,12
CNB0002072,2024-03-30,3
CNB0002076,2024-11-12,35
CNB0002077,2024-05-10,70
CNB0002081,2024-01-29,16
CNB0002092,2024-10-03,16
CNB0002093,2024-08-31,6
CNB0002094,2024-09-25,32
CNB0002095,2024-08-09,28
CNB0002099,2024-10-09,16
CNB0002101,2024-09-18,9
CNB0002104,2024-01-19,48
CNB0002105,2024-01-17,25
CNB0002109,2024-01-24,61
CNB0002110,2024-02-13,9
CNB0002118,2024-09-18,16
CNB0002123,2024-03-18,41
CNB0002125,2024-02-11,41
CNB0002126,2024-06-22,16
CNB0002129,2024-11-27,6
CNB0002134,2024-06-07,3
CNB0002135,2024-03-18,12
CNB0002136,2024-09-18,22
CNB0002137,2024-09-27,3
CNB0002139,2024-06-30,3
CNB0002142,2024-10-11,28
CNB0002143,2024-01-19,3
CNB0002154,2024-01-03,16
CNB0002157,2024-12-08,12
CNB0002158,2024-04-16,3
CNB0002159,2024-04-18,12
CNB0002162,2024-06-30,9
CNB0002163,2024-04-30,3
CNB0002165,2024-01-13,28
CNB0002171,2024-12-17,118
CNB0002174,2024-04-27,12
CNB0002175,2024-12-18,115
CNB0002176,2024-03-22,3
CNB0002179,2025-01-28,28
CNB0002180,2024-06-20,9
CNB0002184,2024-02-10,6
CNB0002185,2024-09-06,25
CNB0002186,2024-04-07,19
CNB0002187,2024-03-11,22
CNB0002189,2024-02-13,102
CNB0002190,2024-11-17,25
CNB0002193,2024-04-09,9
CNB0002194,2024-04-25,38
CNB0002196,2024-03-10,6
CNB0002198,2024-09-18,41
CNB0002201,2024-04-13,35
CNB0002202,2024-01-05,3
CNB0002203,2024-04-06,32
CNB0002204,2024-02-27,12
CNB0002205,2025-01-30,35
CNB0002208,2024-07-21,3
CNB0002209,2024-11-23,41
CNB0002210,2024-08-19,6
CNB0002213,2025-01-14,90
CNB0002217,2024-06-15,9
CNB0002221,2024-04-15,9
CNB0002226,2024-11-17,70
CNB0002227,2024-12-29,6
CNB0002230,2025-01-07,96
CNB0002233,2024-01-20,16
CNB0002234,2024-09-28,12
CNB0002240,2024-03-04,32
CNB0002248,2024-01-29,16
CNB0002252,2024-02-15,3
CNB0002255,2024-10-02,35
CNB0002258,2024-03-20,61
CNB0002260,2024-05-02,3
CNB0002263,2024-11-13,25
CNB0002265,2024-02-18,16
CNB0002267,2024-01-22,12
CNB0002268,2024-09-08,19
CNB0002272,2024-03-29,3
CNB0002276,2024-04-25,35
CNB0002279,2024-08-30,9
CNB0002280,2024-01-26,9
CNB0002281,2024-07-28,67
CNB0002282,2024-04-10,19
CNB0002286,2024-10-01,112
CNB0002287,2024-02-11,12
CNB0002290,2024-11-17,25
CNB0002298,2024-09-15,6
CNB0002301,2024-04-08,19
CNB0002305,2024-09-25,3
CNB0002306,2024-09-19,16
CNB0002307,2024-04-02,57
CNB0002311,2024-04-08,32
CNB0002312,2024-09-18,6
CNB0002314,2024-05-23,22
CNB0002317,2024-03-26,3
CNB0002318,2024-02-12,67
CNB0002319,2024-10-10,25
CNB0002324,2024-01-17,35
CNB0002329,2025-02-16,125
CNB0002334,2024-02-02,57
CNB0002335,2025-02-12,12
CNB0002336,2024-10-18,38
CNB0002337,2024-08-04,6
CNB0002340,2024-03-25,3
CNB0002341,2025-01-12,93
CNB0002342,2025-01-28,3
CNB0002345,2024-12-24,16
CNB0002352,2024-10-31,54
CNB0002354,2024-12-11,16
CNB0002355,2024-01-02,3
CNB0002357,2024-05-12,86
CNB0002360,2024-01-14,3
CNB0002362,2024-05-07,3
CNB0002363,2024-05-23,45
CNB0002365,2024-09-18,22
CNB0002371,2024-02-08,9
CNB0002372,2024-06-18,3
CNB0002376,2024-01-12,3
CNB0002378,2024-03-17,3
CNB0002379,2024-01-05,3
CNB0002384,2025-01-29,25
CNB0002387,2024-01-30,19
CNB0002390,2024-11-01,51
CNB0002391,2024-10-01,16
CNB0002393,2024-01-26,3
CNB0002394,2024-05-02,3
CNB0002395,2025-01-26,106
CNB0002396,2024-09-28,16
CNB0002404,2024-01-14,28
CNB0002405,2024-02-22,3
CNB0002409,2024-09-24,38
CNB0002415,2024-02-26,51
CNB0002417,2024-12-21,12
CNB0002422,2024-11-15,16
CNB0002423,2024-05-21,12
CNB0002425,2024-08-13,3
CNB0002428,2025-01-09,6
CNB0002431,2024-05-23,9
CNB0002432,2024-01-17,38
CNB0002437,2024-10-11,41
CNB0002438,2024-01-07,19
CNB0002442,2024-01-24,41
CNB0002444,2024-02-10,19
CNB0002445,2025-01-09,16
CNB0002446,2024-08-01,3
CNB0002447,2024-11-04,12
CNB0002448,2024-07-10,45
CNB0002450,2024-09-04,3
CNB0002452,2024-01-16,9
CNB0002453,2024-04-14,41
CNB0002460,2024-02-20,12
CNB0002465,2024-09-18,16
CNB0002467,2024-02-08,9
CNB0002472,2025-01-19,3
CNB0002473,2024-10-29,3
CNB0002482,2025-01-09,19
CNB0002483,2025-01-18,9
CNB0002484,2024-04-28,38
CNB0002485,2024-10-30,3
CNB0002486,2024-12-29,6
CNB0002487,2024-09-18,25
CNB0002488,2024-08-06,12
CNB0002490,2024-07-08,80
CNB0002491,2024-12-20,32
CNB0002494,2024-08-21,54
CNB0002495,2024-08-03,16
CNB0002496,2024-09-18,6
CNB0002497,2024-05-14,170
CNB0002502,2024-03-20,19
CNB0002509,2024-04-17,3
CNB0002511,2024-10-06,6
CNB0002512,2025-02-15,45
CNB0002514,2024-09-23,6
CNB0002516,2024-06-12,9
CNB0002521,2024-03-26,19
CNB0002532,2024-02-13,3
CNB0002537,2024-04-17,16
CNB0002540,2024-04-12,25
CNB0002542,2024-11-15,6
CNB0002544,2024-01-11,51
CNB0002545,2024-07-13,38
CNB0002548,2024-01-19,3
CNB0002551,2024-10-02,51
CNB0002556,2024-01-03,3
CNB0002558,2024-07-05,67
CNB0002561,2024-01-17,45
CNB0002562,2024-04-04,48
CNB0002565,2024-04-03,54
CNB0002567,2025-01-11,3
CNB0002568,2024-06-30,25
CNB0002570,2024-11-27,70
CNB0002573,2024-06-13,22
CNB0002574,2024-08-06,9
CNB0002577,2024-11-16,77
CNB0002578,2024-04-17,45
CNB0002579,2025-01-26,9
CNB0002580,2024-01-30,3
CNB0002583,2025-01-22,6
CNB0002585,2024-03-24,3
CNB0002589,2024-05-13,19
CNB0002591,2024-02-23,35
CNB0002593,2024-09-17,54
CNB0002594,2024-10-05,83
CNB0002595,2024-04-28,35
CNB0002596,2024-10-26,9
CNB0002597,2024-01-05,3
CNB0002606,2024-01-03,51
CNB0002610,2024-09-18,28
CNB0002615,2024-11-27,45
CNB0002616,2024-02-09,6
CNB0002617,2024-01-30,41
CNB0002618,2024-04-20,3
CNB0002620,2024-06-12,3
CNB0002626,2024-02-29,12
CNB0002633,2024-02-04,3
CNB0002634,2024-07-10,22
CNB0002636,2024-03-11,41
CNB0002638,2025-02-10,3
CNB0002639,2024-09-18,28
CNB0002642,2024-05-08,3
CNB0002652,2024-01-23,19
CNB0002658,2024-02-29,3
CNB0002661,2024-11-25,16
CNB0002662,2024-07-12,22
CNB0002667,2024-08-06,25
CNB0002668,2024-05-28,3
CNB0002670,2024-06-17,3
CNB0002678,2024-09-18,38
CNB0002688,2025-02-19,12
CNB0002692,2024-06-04,9
CNB0002694,2025-02-15,35
CNB0002697,2024-04-14,6
CNB0002699,2024-03-22,32
CNB0002700,2024-12-27,3
CNB0002708,2024-08-14,3
CNB0002710,2024-06-05,51
CNB0002715,2024-07-10,32
CNB0002716,2024-09-03,45
CNB0002721,2025-02-21,3
CNB0002723,2024-05-29,99
CNB0002726,2024-07-03,3
CNB0002727,2024-01-19,19
CNB0002728,2024-01-01,3
CNB0002736,2024-03-28,12
CNB0002738,2024-10-04,67
CNB0002740,2024-09-18,51
CNB0002746,2024-05-22,6
CNB0002747,2024-02-10,3
CNB0002753,2024-08-30,3
CNB0002756,2024-12-14,3
CNB0002759,2024-02-05,25
CNB0002760,2025-01-23,6
CNB0002761,2024-02-29,3
CNB0002764,2024-09-18,22
CNB0002766,2024-01-02,45
CNB0002767,2024-01-09,32
CNB0002768,2025-02-26,12
CNB0002769,2024-03-11,3
CNB0002770,2024-01-09,51
CNB0002775,2024-08-02,93
CNB0002776,2024-03-14,35
CNB0002780,2024-04-06,22
CNB0002784,2024-10-22,19
CNB0002785,2025-02-09,6
CNB0002796,2024-01-11,9
CNB0002799,2024-01-17,3
CNB0002802,2024-03-14,32
CNB0002805,2024-04-26,9
CNB0002806,2024-09-18,3
CNB0002808,2024-04-24,64
CNB0002809,2024-09-21,9
CNB0002813,2024-09-18,67
CNB0002816,2024-03-30,67
CNB0002817,2024-11-07,25
CNB0002823,2025-02-17,115
CNB0002824,2024-03-03,45
CNB0002827,2024-04-11,12
CNB0002829,2024-02-27,19
CNB0002830,2024-01-10,12
CNB0002831,2024-02-09,3
CNB0002833,2024-06-30,22
CNB0002835,2024-08-23,12
CNB0002839,2024-07-23,6
CNB0002841,2024-01-15,41
CNB0002847,2025-01-02,28
CNB0002849,2024-02-13,3
CNB0002851,2024-04-11,6
CNB0002852,2024-07-13,22
CNB0002855,2024-09-05,6
CNB0002856,2024-04-28,25
CNB0002858,2024-10-10,12
CNB0002860,2024-02-05,45
CNB0002861,2024-10-20,6
CNB0002862,2024-05-08,22
CNB0002868,2024-04-18,32
CNB0002870,2024-02-07,9
CNB0002873,2024-01-09,48
CNB0002877,2024-06-29,3
CNB0002878,2024-01-16,6
CNB0002879,2024-09-25,3
CNB0002884,2025-01-19,22
CNB0002888,2024-01-04,22
CNB0002890,2024-10-24,41
CNB0002891,2024-03-31,12
CNB0002892,2024-11-24,28
CNB0002899,2024-09-06,73
CNB0002900,2024-05-17,28
CNB0002902,2024-08-30,3
CNB0002910,2024-04-20,12
CNB0002914,2024-09-26,3
CNB0002919,2024-10-22,12
CNB0002925,2024-02-24,3
CNB0002934,2024-09-11,19
CNB0002938,2024-01-07,3
CNB0002944,2024-05-26,83
CNB0002949,2024-01-06,6
CNB0002952,2024-03-24,16
CNB0002953,2025-01-03,41
CNB0002956,2024-01-19,16
CNB0002959,2024-05-17,3
CNB0002962,2024-06-27,93
CNB0002964,2024-09-18,6
CNB0002969,2024-10-17,25
CNB0002977,2024-06-10,6
CNB0002980,2024-05-30,19
CNB0002982,2024-06-10,12
CNB0002983,2024-11-11,35
CNB0002984,2024-06-21,45
CNB0002988,2025-01-09,3
CNB0002989,2024-04-08,6
CNB0002992,2024-08-10,35
CNB0002995,2024-04-05,19
CNB0003008,2024-06-05,32
CNB0003011,2024-06-15,12
CNB0003016,2024-01-03,12
CNB0003019,2024-11-18,12
CNB0003020,2025-02-24,9
CNB0003023,2024-09-18,19
CNB0003028,2024-02-25,6
CNB0003034,2024-10-09,9
CNB0003036,2024-09-07,57
CNB0003041,2024-05-25,22
CNB0003045,2024-05-17,38
CNB0003047,2024-05-17,3
CNB0003052,2024-06-19,3
CNB0003053,2024-02-01,3
CNB0003054,2024-08-03,32
CNB0003058,2024-11-23,61
CNB0003064,2024-05-04,16
CNB0003065,2024-01-19,22
CNB0003067,2024-07-20,3
CNB0003072,2024-06-27,9
CNB0003073,2024-09-18,12
CNB0003074,2024-01-18,3
CNB0003080,2024-02-15,3
CNB0003084,2024-04-16,45
CNB0003085,2024-04-03,6
CNB0003086,2024-01-09,19
CNB0003089,2024-09-06,35
CNB0003097,2024-02-26,19
CNB0003104,2024-04-03,41
CNB0003108,2024-04-27,61
CNB0003109,2024-09-18,19
CNB0003112,2024-06-10,3
CNB0003117,2024-12-02,3
CNB0003119,2024-12-27,12
CNB0003121,2024-01-12,6
CNB0003122,2024-07-10,57
CNB0003123,2024-03-13,19
CNB0003126,2024-01-29,51
CNB0003128,2024-05-16,3
CNB0003130,2024-02-13,118
CNB0003135,2024-12-30,32
CNB0003136,2024-01-22,16
CNB0003141,2024-02-22,57
CNB0003144,2024-09-18,16
CNB0003145,2025-02-11,19
CNB0003149,2024-03-29,9
CNB0003154,2024-03-12,9
CNB0003156,2024-04-24,3
CNB0003160,2024-06-06,54
CNB0003174,2024-06-20,3
CNB0003175,2024-10-11,6
CNB0003179,2024-11-13,3
CNB0003182,2024-04-12,9
CNB0003183,2024-07-21,6
CNB0003185,2024-06-25,9
CNB0003190,2025-01-03,6
CNB0003193,2024-09-18,12
CNB0003200,2025-02-20,3
CNB0003205,2024-08-06,28
CNB0003207,2024-12-17,73
CNB0003211,2024-01-04,3
CNB0003215,2024-01-16,67
CNB0003221,2025-01-04,16
CNB0003222,2024-03-18,16
CNB0003226,2024-02-03,19
CNB0003229,2024-08-25,3
CNB0003233,2024-10-15,9
CNB0003236,2024-04-30,64
CNB0003238,2024-01-08,3
CNB0003244,2024-08-16,12
CNB0003245,2024-10-05,9
CNB0003248,2024-09-04,28
CNB0003249,2024-01-25,28
CNB0003252,2024-06-22,22
CNB0003253,2024-06-20,3
CNB0003258,2024-06-08,9
CNB0003259,2024-06-20,64
CNB0003261,2024-01-23,45
CNB0003263,2024-04-18,28
CNB0003266,2024-11-18,3
CNB0003270,2024-02-16,3
CNB0003274,2024-07-11,3
CNB0003276,2025-01-10,9
CNB0003277,2024-11-19,25
CNB0003279,2024-05-30,9
CNB0003280,2024-07-15,3
CNB0003282,2024-04-12,6
CNB0003290,2024-09-18,9
CNB0003293,2024-02-17,6
CNB0003300,2024-04-19,9
CNB0003304,2024-05-01,19
CNB0003307,2024-06-28,9
CNB0003310,2024-12-13,25
CNB0003311,2024-12-29,80
CNB0003313,2024-09-27,9
CNB0003314,2024-05-31,28
CNB0003316,2024-12-30,9
CNB0003317,2024-01-21,3
CNB0003322,2024-02-18,38
CNB0003323,2024-06-04,45
CNB0003326,2024-07-19,3
CNB0003327,2024-06-22,73
CNB0003331,2024-09-14,3
CNB0003332,2024-01-06,48
CNB0003333,2024-12-27,22
CNB0003334,2024-09-29,6
CNB0003335,2024-02-25,6
CNB0003336,2024-09-18,16
CNB0003338,2024-03-21,12
CNB0003344,2024-09-21,32
CNB0003345,2024-07-09,6
CNB0003352,2024-08-02,9
CNB0003355,2024-04-13,6
CNB0003356,2024-07-24,3
CNB0003357,2024-04-21,25
CNB0003360,2024-06-20,3
CNB0003363,2024-05-22,3
CNB0003373,2024-09-02,3
CNB0003375,2024-02-28,16
CNB0003376,2024-08-06,3
CNB0003385,2024-02-29,16
CNB0003386,2024-03-29,3
CNB0003387,2024-04-26,45
CNB0003394,2024-06-04,83
CNB0003397,2024-11-10,32
CNB0003401,2024-08-19,12
CNB0003407,2024-02-24,28
CNB0003410,2024-08-14,35
CNB0003411,2025-02-11,32
CNB0003419,2024-01-10,6
CNB0003422,2024-02-04,3
CNB0003423,2024-04-26,12
CNB0003424,2024-03-18,6
CNB0003427,2024-09-18,41
CNB0003434,2024-05-21,3
CNB0003435,2024-04-27,9
CNB0003437,2024-12-27,35
CNB0003438,2024-05-13,61
CNB0003439,2024-12-03,6
CNB0003445,2024-09-11,3
CNB0003446,2024-02-06,9
CNB0003447,2024-04-12,9
CNB0003448,2024-10-18,16
CNB0003455,2024-12-02,9
CNB0003456,2024-06-05,3
CNB0003460,2024-02-16,35
CNB0003461,2024-01-18,6
CNB0003462,2024-02-01,3
CNB0003463,2024-10-02,3
CNB0003464,2024-10-30,38
CNB0003473,2024-01-12,25
CNB0003478,2024-12-28,16
CNB0003479,2024-10-05,9
CNB0003481,2024-07-24,3
CNB0003482,2025-01-26,3
CNB0003492,2024-04-13,6
CNB0003493,2024-08-23,16
CNB0003495,2024-10-20,3
CNB0003496,2024-03-12,9
CNB0003500,2024-02-09,6
CNB0003502,2024-02-17,51
CNB0003507,2024-09-09,22
CNB0003508,2024-01-10,32
CNB0003509,2024-07-06,12
CNB0003512,2024-12-23,9
CNB0003514,2024-11-24,3
CNB0003522,2024-04-15,12
CNB0003528,2024-03-02,16
CNB0003533,2025-01-20,64
CNB0003535,2024-01-04,16
CNB0003540,2024-01-28,32
CNB0003544,2024-03-12,3
CNB0003547,2024-11-17,64
CNB0003548,2024-01-12,6
CNB0003549,2024-03-11,54
CNB0003552,2024-04-16,9
CNB0003557,2024-01-31,35
CNB0003561,2024-01-10,93
CNB0003562,2024-06-13,6
CNB0003565,2024-03-12,64
CNB0003569,2024-05-08,6
CNB0003572,2024-01-31,48
CNB0003573,2024-08-09,16
CNB0003574,2025-01-30,9
CNB0003575,2024-06-13,3
CNB0003578,2024-08-12,6
CNB0003579,2024-03-26,6
CNB0003584,2024-01-29,22
CNB0003587,2024-03-31,61
CNB0003589,2024-07-01,54
CNB0003590,2024-10-03,9
CNB0003591,2024-09-08,22
CNB0003593,2024-05-07,45
CNB0003599,2024-09-18,3
CNB0003601,2024-02-09,64
CNB0003604,2024-07-15,16
CNB0003605,2025-02-20,22
CNB0003615,2024-01-05,45
CNB0003616,2024-06-02,9
CNB0003619,2024-06-19,77
CNB0003620,2024-03-08,6
CNB0003623,2024-09-05,3
CNB0003625,2024-07-06,9
CNB0003627,2025-01-17,54
CNB0003628,2024-04-07,3
CNB0003631,2024-01-25,16
CNB0003632,2024-01-08,9
CNB0003635,2024-09-18,48
CNB0003636,2024-12-22,54
CNB0003639,2024-07-01,67
CNB0003643,2024-02-29,32
CNB0003644,2024-11-25,25
CNB0003649,2024-05-28,19
CNB0003651,2024-03-03,25
CNB0003655,2024-03-01,41
CNB0003656,2024-10-21,19
CNB0003663,2025-01-10,32
CNB0003665,2024-03-01,9
CNB0003668,2024-03-02,12
CNB0003671,2024-05-01,3
CNB0003673,2024-05-23,28
CNB0003681,2024-02-12,28
CNB0003682,2025-02-15,3
CNB0003689,2024-05-24,6
CNB0003693,2024-09-03,3
CNB0003694,2024-11-11,19
CNB0003695,2024-04-22,3
CNB0003696,2024-01-12,38
CNB0003701,2024-04-01,19
CNB0003706,2024-04-09,25
CNB0003710,2024-09-18,3
CNB0003714,2024-11-21,3
CNB0003716,2024-12-23,3
CNB0003721,2024-09-03,41
CNB0003723,2024-04-29,96
CNB0003727,2024-12-14,9
CNB0003728,2024-01-02,45
CNB0003730,2024-12-02,6
CNB0003731,2024-10-05,3
CNB0003736,2024-09-23,9
CNB0003737,2024-02-01,41
CNB0003738,2024-05-26,9
CNB0003744,2024-04-14,38
CNB0003752,2024-02-20,12
CNB0003753,2024-03-20,57
CNB0003756,2024-04-25,3
CNB0003757,2024-09-18,45
CNB0003761,2024-02-19,25
CNB0003766,2024-05-07,9
CNB0003767,2024-01-26,19
CNB0003768,2024-08-23,3
CNB0003771,2024-03-21,19
CNB0003772,2024-04-01,6
CNB0003779,2024-05-02,3
CNB0003783,2024-08-23,3
CNB0003787,2024-06-25,67
CNB0003791,2024-08-04,77
CNB0003793,2024-05-03,12
CNB0003795,2024-04-06,9
CNB0003798,2025-02-20,19
CNB0003799,2024-06-30,6
CNB0003802,2024-10-16,16
CNB0003803,2024-07-31,32
CNB0003804,2024-03-21,32
CNB0003805,2024-12-16,25
CNB0003809,2024-02-13,38
CNB0003810,2024-03-06,9
CNB0003813,2024-05-07,12
CNB0003817,2025-01-28,6
CNB0003824,2024-03-17,9
CNB0003829,2024-08-31,22
CNB0003830,2024-09-18,9
CNB0003831,2024-01-29,67
CNB0003832,2024-03-04,9
CNB0003833,2024-01-23,25
CNB0003836,2024-11-28,86
CNB0003845,2024-12-09,61
CNB0003853,2024-04-03,12
CNB0003854,2024-04-12,38
CNB0003859,2024-06-21,128
CNB0003863,2024-05-17,28
CNB0003865,2024-01-28,16
CNB0003867,2024-04-17,16
CNB0003868,2024-02-10,28
CNB0003869,2024-03-09,9
CNB0003873,2024-08-01,3
CNB0003883,2024-04-03,3
CNB0003885,2024-01-24,3
CNB0003888,2024-02-07,32
CNB0003894,2024-09-18,3
CNB0003898,2025-02-08,22
CNB0003900,2024-11-26,3
CNB0003901,2024-08-20,25
CNB0003902,2025-02-21,22
CNB0003905,2024-08-30,6
CNB0003906,2024-09-17,9
CNB0003907,2024-02-06,35
CNB0003909,2024-08-02,70
CNB0003914,2024-02-03,3
CNB0003915,2024-04-03,3
CNB0003917,2024-06-08,12
CNB0003918,2024-05-14,12
CNB0003919,2024-01-23,228
CNB0003924,2024-09-26,9
CNB0003926,2024-04-15,48
CNB0003927,2024-06-05,22
CNB0003928,2024-02-13,64
CNB0003934,2024-09-16,16
CNB0003943,2024-12-10,35
CNB0003945,2024-01-07,3
CNB0003952,2024-12-15,6
CNB0003958,2024-09-18,25
CNB0003959,2024-07-24,25
CNB0003960,2025-02-01,19
CNB0003962,2024-07-15,16
CNB0003965,2024-01-13,12
CNB0003967,2024-05-12,3
CNB0003974,2024-12-30,9
CNB0003976,2024-12-17,28
CNB0003981,2024-11-03,3
CNB0003984,2024-11-27,12
CNB0003986,2024-03-29,12
CNB0003992,2024-04-06,41
CNB0003994,2024-10-02,32
CNB0003997,2024-04-15,96
CNB0004000,2024-11-06,3
CNB0004002,2024-04-28,57
CNB0004003,2024-06-17,19
CNB0004007,2024-04-13,12
CNB0004013,2024-05-07,6
CNB0004014,2024-05-07,32
CNB0004015,2024-04-07,19
CNB0004024,2024-02-12,6
CNB0004031,2024-08-26,3
CNB0004038,2024-07-24,3
CNB0004043,2024-08-30,6
CNB0004052,2024-04-12,6
CNB0004055,2024-09-02,3
CNB0004056,2024-01-25,32
CNB0004058,2024-05-14,12
CNB0004059,2024-05-26,22
CNB0004065,2024-01-04,12
CNB0004070,2024-03-10,3
CNB0004076,2024-04-01,35
CNB0004078,2024-11-12,38
CNB0004081,2024-03-22,3
CNB0004082,2024-07-28,19
CNB0004085,2024-04-19,3
CNB0004092,2024-08-15,3
CNB0004095,2024-12-07,22
CNB0004098,2024-09-15,25
CNB0004100,2024-02-02,57
CNB0004101,2024-02-16,32
CNB0004106,2025-02-17,16
CNB0004113,2024-12-09,22
CNB0004114,2024-03-04,16
CNB0004116,2024-02-07,16
CNB0004120,2024-01-19,3
CNB0004121,2024-03-25,48
CNB0004125,2024-10-08,6
CNB0004127,2024-02-13,41
CNB0004128,2024-05-17,22
CNB0004131,2024-09-05,28
CNB0004135,2024-08-20,16
CNB0004138,2024-02-11,16
CNB0004140,2024-01-22,12
CNB0004143,2024-04-30,16
CNB0004148,2024-06-17,41
CNB0004158,2024-11-25,6
CNB0004159,2024-09-09,6
CNB0004161,2024-12-31,19
CNB0004162,2025-01-31,3
CNB0004165,2024-01-31,19
CNB0004166,2024-02-06,176
CNB0004172,2024-01-16,9
CNB0004174,2024-06-08,35
CNB0004180,2024-03-31,3
CNB0004182,2024-04-07,6
CNB0004184,2024-01-13,6
CNB0004187,2024-05-15,3
CNB0004191,2024-03-17,3
CNB0004193,2024-03-22,25
CNB0004196,2024-10-01,38
CNB0004199,2024-06-21,6
CNB0004200,2024-02-08,6
CNB0004203,2024-07-25,141
CNB0004209,2024-01-16,25
CNB0004210,2024-02-08,61
CNB0004213,2025-02-12,22
CNB0004215,2024-09-27,16
CNB0004217,2024-10-23,9
CNB0004220,2024-09-22,12
CNB0004222,2024-03-12,83
CNB0004223,2024-04-17,41
CNB0004225,2024-01-03,3
CNB0004228,2024-11-17,22
CNB0004231,2024-09-18,19
CNB0004233,2024-10-15,12
CNB0004236,2024-07-03,9
CNB0004246,2024-02-05,9
CNB0004247,2024-02-09,54
CNB0004249,2024-11-03,12
CNB0004251,2024-05-01,9
CNB0004254,2025-02-20,3
CNB0004257,2024-03-07,12
CNB0004258,2024-03-26,25
CNB0004259,2024-02-10,32
CNB0004260,2024-04-12,51
CNB0004265,2024-11-03,73
CNB0004267,2024-01-24,9
CNB0004270,2024-10-12,19
CNB0004273,2024-03-17,45
CNB0004276,2025-01-02,73
CNB0004279,2024-01-10,16
CNB0004287,2024-02-22,3
CNB0004288,2024-05-10,3
CNB0004290,2024-02-23,6
CNB0004291,2024-08-27,3
CNB0004294,2024-04-08,6
CNB0004300,2024-10-03,12
CNB0004302,2024-05-24,25
CNB0004304,2024-06-28,19
CNB0004305,2024-11-16,3
CNB0004309,2024-01-19,41
CNB0004311,2024-01-09,28
CNB0004314,2024-12-26,22
CNB0004322,2024-11-06,6
CNB0004325,2024-06-28,25
CNB0004331,2024-02-02,25
CNB0004332,2024-05-25,80
CNB0004337,2024-10-27,9
CNB0004341,2024-01-05,19
CNB0004342,2024-05-20,45
CNB0004346,2024-08-06,67
CNB0004348,2024-01-24,77
CNB0004357,2024-07-13,45
CNB0004365,2024-11-11,3
CNB0004372,2024-03-18,73
CNB0004377,2024-08-17,35
CNB0004378,2024-08-02,9
CNB0004387,2024-04-02,25
CNB0004390,2024-03-28,6
CNB0004393,2024-01-07,12
CNB0004394,2024-09-20,25
CNB0004396,2024-10-14,28
CNB0004397,2024-03-28,9
CNB0004400,2024-04-25,35
CNB0004401,2024-01-13,45
CNB0004404,2024-01-06,25
CNB0004406,2024-05-09,22
CNB0004413,2024-03-18,32
CNB0004414,2024-10-26,19
CNB0004420,2024-07-14,22
CNB0004428,2024-08-01,3
CNB0004430,2024-05-10,3
CNB0004431,2024-11-04,9
CNB0004439,2024-04-08,3
CNB0004442,2025-01-05,3
CNB0004444,2024-09-21,48
CNB0004448,2024-03-19,3
CNB0004449,2024-08-29,54
CNB0004450,2024-08-22,6
CNB0004452,2024-01-10,38
CNB0004453,2024-05-14,9
CNB0004455,2024-02-04,19
CNB0004457,2024-04-22,57
CNB0004460,2024-02-11,12
CNB0004461,2024-10-17,35
CNB0004462,2024-01-08,6
CNB0004464,2024-08-11,3
CNB0004467,2024-12-15,25
CNB0004469,2024-01-11,28
CNB0004471,2024-04-01,25
CNB0004478,2024-04-22,3
CNB0004480,2024-04-01,16
CNB0004481,2024-05-11,9
CNB0004485,2024-09-27,3
CNB0004487,2024-10-31,19
CNB0004488,2024-04-16,93
CNB0004491,2025-02-11,35
CNB0004497,2024-04-16,64
CNB0004500,2024-09-29,12
CNB0004501,2024-09-18,45
CNB0004503,2025-01-29,16
CNB0004509,2024-05-29,28
CNB0004510,2024-09-20,3
CNB0004512,2024-02-06,25
CNB0004514,2025-02-22,3
CNB0004517,2024-07-15,3
CNB0004523,2024-05-15,32
CNB0004525,2024-01-28,3
CNB0004530,2024-12-21,3
CNB0004531,2024-08-01,86
CNB0004538,2024-02-15,19
CNB0004539,2024-08-03,54
CNB0004540,2024-07-28,3
CNB0004545,2024-04-30,3
CNB0004547,2024-10-11,86
CNB0004553,2024-12-06,3
CNB0004554,2024-10-02,6
CNB0004558,2024-06-02,51
CNB0004563,2024-07-05,12
CNB0004564,2024-10-02,51
CNB0004565,2024-02-25,9
CNB0004567,2024-09-25,93
CNB0004570,2024-01-15,3
CNB0004571,2024-10-18,3
CNB0004575,2024-10-17,16
CNB0004581,2024-04-04,12
CNB0004582,2024-02-02,73
CNB0004585,2024-12-16,48
CNB0004588,2024-10-03,3
CNB0004593,2024-01-18,16
CNB0004594,2024-03-01,41
CNB0004598,2024-07-19,6
CNB0004602,2024-01-08,6
CNB0004606,2024-09-03,22
CNB0004607,2024-02-26,3
CNB0004608,2024-04-15,3
CNB0004617,2024-11-18,9
CNB0004622,2024-02-09,25
CNB0004629,2024-10-16,12
CNB0004634,2024-04-19,3
CNB0004635,2025-01-02,28
CNB0004637,2024-02-09,6
CNB0004639,2024-04-10,25
CNB0004642,2024-04-25,3
CNB0004646,2024-08-30,35
CNB0004652,2024-07-29,3
CNB0004653,2024-03-15,3
CNB0004654,2024-01-21,70
CNB0004659,2025-01-06,6
CNB0004666,2024-05-07,19
CNB0004674,2024-01-29,25
CNB0004677,2025-02-25,41
CNB0004678,2024-10-19,6
CNB0004682,2024-01-24,9
CNB0004683,2024-03-16,12
CNB0004685,2024-10-12,6
CNB0004688,2024-03-02,12
CNB0004689,2024-01-12,9
CNB0004690,2024-12-27,3
CNB0004691,2024-04-08,25
CNB0004694,2024-01-06,6
CNB0004698,2024-02-01,12
CNB0004706,2024-04-06,9
CNB0004708,2024-01-02,6
CNB0004709,2024-06-10,3
CNB0004710,2024-10-11,3
CNB0004714,2024-09-23,12
CNB0004716,2024-02-26,28
CNB0004717,2024-04-17,45
CNB0004719,2024-02-25,25
CNB0004722,2024-08-03,16
CNB0004723,2024-08-03,6
CNB0004724,2024-02-08,16
CNB0004727,2024-02-28,3
CNB0004729,2024-07-20,9
CNB0004736,2024-08-24,35
CNB0004738,2024-11-02,54
CNB0004742,2024-05-08,3
CNB0004745,2024-10-04,12
CNB0004746,2024-09-28,28
CNB0004747,2024-06-02,22
CNB0004752,2024-01-21,6
CNB0004759,2024-02-03,9
CNB0004768,2024-10-15,51
CNB0004772,2024-06-19,3
CNB0004774,2024-07-10,12
CNB0004779,2024-10-30,35
CNB0004781,2024-11-15,3
CNB0004782,2024-12-08,28
CNB0004784,2024-06-20,19
CNB0004786,2024-05-17,32
CNB0004787,2024-01-23,19
CNB0004791,2024-11-12,45
CNB0004792,2024-06-04,32
CNB0004793,2024-01-11,22
CNB0004794,2024-03-29,6
CNB0004796,2024-12-16,28
CNB0004800,2024-01-03,125
CNB0004801,2024-06-04,41
CNB0004802,2024-08-22,16
CNB0004807,2024-04-08,12
CNB0004808,2024-09-20,32
CNB0004811,2024-12-08,77
CNB0004813,2024-02-10,19
CNB0004815,2024-02-04,3
CNB0004818,2024-11-24,16
CNB0004823,2024-03-16,61
CNB0004827,2025-02-22,35
CNB0004830,2024-08-17,3
CNB0004840,2024-02-04,35
CNB0004842,2024-02-17,16
CNB0004844,2024-09-09,28
CNB0004847,2024-01-06,28
CNB0004857,2024-01-14,3
CNB0004860,2024-11-09,25
CNB0004864,2024-05-19,16
CNB0004865,2024-02-06,45
CNB0004866,2024-03-29,25
CNB0004867,2024-09-22,19
CNB0004869,2024-08-19,151
CNB0004871,2024-09-14,22
CNB0004878,2024-02-19,3
CNB0004884,2024-10-09,9
CNB0004888,2024-02-06,6
CNB0004889,2024-10-02,16
CNB0004898,2024-02-22,6
CNB0004903,2024-10-16,6
CNB0004906,2024-09-18,22
CNB0004907,2024-09-16,3
CNB0004910,2024-10-16,57
CNB0004912,2024-06-24,3
CNB0004914,2024-01-11,16
CNB0004916,2024-02-10,16
CNB0004917,2024-01-23,9
CNB0004918,2024-04-24,73
CNB0004919,2024-04-01,16
CNB0004920,2024-01-27,9
CNB0004926,2024-04-01,12
CNB0004930,2024-01-09,41
CNB0004932,2024-11-15,57
CNB0004936,2024-01-27,3
CNB0004937,2024-01-14,3
CNB0004942,2024-03-30,3
CNB0004945,2024-02-23,3
CNB0004946,2024-08-05,9
CNB0004947,2024-11-04,19
CNB0004948,2024-09-21,122
CNB0004953,2024-10-15,9
CNB0004964,2024-06-24,6
CNB0004965,2024-10-10,12
CNB0004967,2024-04-16,22
CNB0004970,2024-05-16,16
CNB0004972,2024-09-25,41
CNB0004986,2024-09-06,12
CNB0004988,2024-04-29,16
CNB0004991,2024-12-05,22
CNB0004998,2024-12-12,25
CNB0004999,2024-11-15,6
CNB0005003,2024-11-05,22
CNB0005016,2024-05-03,67
CNB0005017,2024-11-02,45
CNB0005020,2024-03-29,9
CNB0005023,2024-03-28,3
CNB0005026,2024-04-25,3
CNB0005030,2024-12-16,3
CNB0005033,2024-09-18,3
CNB0005040,2024-02-01,6
CNB0005041,2024-07-25,3
CNB0005044,2024-04-21,6
CNB0005047,2024-01-15,45
CNB0005048,2024-09-01,25
CNB0005050,2024-05-24,9
CNB0005054,2024-12-12,19
CNB0005057,2024-01-13,3
CNB0005059,2025-01-28,9
CNB0005064,2024-05-17,32
CNB0005068,2024-01-31,45
CNB0005072,2024-12-28,19
CNB0005073,2024-01-17,6
CNB0005081,2024-04-06,3
CNB0005082,2025-01-08,3
CNB0005086,2024-01-09,25
CNB0005087,2024-05-07,45
CNB0005089,2024-02-02,9
CNB0005091,2024-04-09,51
CNB0005094,2024-02-03,16
CNB0005096,2024-07-23,32
CNB0005100,2024-01-20,12
CNB0005108,2024-12-22,22
CNB0005110,2025-02-13,9
CNB0005118,2024-11-02,3
CNB0005119,2024-07-20,51
CNB0005120,2025-01-01,3
CNB0005121,2024-09-11,144
CNB0005126,2024-05-20,28
CNB0005127,2024-06-27,28
CNB0005134,2024-06-13,3
CNB0005135,2024-10-15,3
CNB0005137,2024-09-29,57
CNB0005138,2024-10-16,35
CNB0005140,2025-01-22,22
CNB0005143,2024-11-10,9
CNB0005148,2024-01-21,12
CNB0005152,2024-07-05,28
CNB0005153,2024-09-04,12
CNB0005158,2024-10-11,3
CNB0005160,2024-06-11,9
CNB0005162,2024-02-06,16
CNB0005166,2024-05-13,3
CNB0005169,2025-01-22,19
CNB0005173,2024-09-24,3
CNB0005175,2024-09-09,12
CNB0005177,2024-10-18,25
CNB0005185,2024-08-06,38
CNB0005189,2024-05-01,6
CNB0005190,2024-01-28,96
CNB0005191,2024-05-29,48
CNB0005194,2024-02-27,45
CNB0005195,2024-06-09,22
CNB0005196,2024-09-18,28
CNB0005203,2024-02-21,9
CNB0005205,2024-02-17,9
CNB0005216,2024-04-25,64
CNB0005217,2024-04-12,3
CNB0005224,2024-01-22,64
CNB0005231,2024-02-11,3
CNB0005233,2024-04-12,45
CNB0005234,2024-09-14,9
CNB0005235,2024-07-21,3
CNB0005238,2024-12-02,6
CNB0005239,2024-02-08,19
CNB0005243,2024-12-23,48
CNB0005244,2024-05-07,22
CNB0005248,2024-03-29,12
CNB0005255,2024-01-27,25
CNB0005259,2024-02-28,6
CNB0005260,2024-10-28,9
CNB0005261,2024-05-18,35
CNB0005262,2024-11-07,19
CNB0005263,2024-02-07,25
CNB0005267,2024-06-24,3
CNB0005268,2024-08-21,3
CNB0005269,2024-01-29,70
CNB0005270,2024-01-21,9
CNB0005272,2024-01-02,16
CNB0005275,2025-01-01,35
CNB0005278,2024-04-16,35
CNB0005279,2025-02-16,3
CNB0005281,2024-04-24,3
CNB0005286,2024-11-03,3
CNB0005290,2024-02-01,25
CNB0005293,2024-05-02,154
CNB0005294,2024-10-30,22
CNB0005295,2024-01-03,67
CNB0005303,2024-08-19,9
CNB0005304,2024-03-25,3
CNB0005305,2024-08-06,9
CNB0005307,2024-05-15,3
CNB0005309,2024-04-18,16
CNB0005311,2024-01-22,6
CNB0005312,2025-02-13,32
CNB0005314,2024-11-24,19
CNB0005327,2024-06-21,3
CNB0005331,2024-08-08,25
CNB0005333,2024-03-10,41
CNB0005336,2024-08-09,9
CNB0005337,2024-01-16,3
CNB0005339,2024-09-18,19
CNB0005340,2024-03-12,12
CNB0005341,2024-05-19,6
CNB0005343,2024-03-30,3
CNB0005346,2024-09-23,6
CNB0005348,2024-09-30,6
CNB0005352,2024-03-20,6
CNB0005354,2024-11-16,28
CNB0005356,2024-10-11,73
CNB0005362,2024-03-26,6
CNB0005366,2024-11-18,9
CNB0005374,2024-02-07,22
CNB0005375,2024-12-19,3
CNB0005376,2024-07-30,3
CNB0005377,2024-06-08,61
CNB0005380,2024-10-22,3
CNB0005382,2024-03-03,12
CNB0005386,2024-01-11,45
CNB0005391,2024-04-01,54
CNB0005399,2024-05-11,25
CNB0005400,2025-01-22,35
CNB0005401,2024-11-22,35
CNB0005403,2024-12-17,16
CNB0005406,2024-01-06,25
CNB0005407,2024-09-08,22
CNB0005408,2024-12-14,6
CNB0005411,2024-02-29,3
CNB0005413,2024-08-11,3
CNB0005414,2024-03-05,12
CNB0005416,2024-12-04,3
CNB0005417,2024-01-15,38
CNB0005420,2024-03-26,99
CNB0005423,2024-06-28,3
CNB0005424,2024-11-12,3
CNB0005428,2024-07-14,22
CNB0005430,2024-12-04,90
CNB0005431,2024-03-09,12
CNB0005432,2024-11-30,19
CNB0005433,2024-10-06,83
CNB0005438,2024-03-12,19
CNB0005439,2024-05-17,3
CNB0005440,2024-08-22,12
CNB0005441,2024-04-26,6
CNB0005442,2024-12-31,6
CNB0005446,2024-09-19,9
CNB0005453,2024-07-01,28
CNB0005454,2024-05-13,16
CNB0005456,2025-02-14,38
CNB0005461,2024-08-08,3
CNB0005464,2024-01-05,35
CNB0005476,2024-10-22,12
CNB0005477,2024-04-27,22
CNB0005480,2024-08-13,83
CNB0005482,2025-02-03,35
CNB0005485,2024-01-31,6
CNB0005489,2024-12-10,6
CNB0005492,2024-09-22,57
CNB0005493,2024-01-04,28
CNB0005495,2024-02-29,54
CNB0005496,2024-01-22,3
CNB0005499,2024-09-17,9
CNB0005504,2024-01-09,3
CNB0005506,2025-01-24,51
CNB0005509,2024-01-29,41
CNB0005512,2024-01-12,22
CNB0005513,2024-03-29,67
CNB0005518,2024-09-18,64
CNB0005521,2024-09-18,16
CNB0005524,2024-09-05,3
CNB0005525,2024-12-01,73
CNB0005527,2024-03-16,3
CNB0005534,2024-05-14,3
CNB0005535,2024-02-21,28
CNB0005544,2024-09-18,12
CNB0005546,2024-03-24,12
CNB0005547,2024-09-08,3
CNB0005548,2024-09-18,32
CNB0005553,2024-09-18,35
CNB0005558,2025-02-10,51
CNB0005560,2024-05-20,35
CNB0005562,2024-01-09,9
CNB0005566,2024-12-03,22
CNB0005567,2024-08-29,9
CNB0005570,2024-09-19,67
CNB0005574,2024-08-26,6
CNB0005576,2024-01-31,19
CNB0005577,2024-03-30,3
CNB0005579,2024-04-09,16
CNB0005581,2024-01-01,3
CNB0005582,2024-02-02,70
CNB0005583,2024-01-24,12
CNB0005586,2024-01-02,22
CNB0005593,2024-03-01,45
CNB0005597,2024-02-18,16
CNB0005598,2024-02-24,3
CNB0005600,2024-07-17,135
CNB0005601,2024-02-16,19
CNB0005605,2024-09-18,9
CNB0005606,2024-05-22,35
CNB0005607,2024-08-10,3
CNB0005611,2024-04-05,3
CNB0005617,2024-08-23,16
CNB0005618,2024-10-16,3
CNB0005619,2024-04-06,35
CNB0005622,2024-11-21,3
CNB0005623,2024-08-26,9
CNB0005624,2024-07-10,38
CNB0005626,2024-02-11,28
CNB0005629,2024-07-12,3
CNB0005633,2024-01-18,3
CNB0005638,2025-02-04,3
CNB0005639,2024-03-14,48
CNB0005641,2024-05-17,3
CNB0005643,2024-01-08,3
CNB0005650,2024-10-05,3
CNB0005652,2024-12-21,9
CNB0005659,2024-02-26,3
CNB0005661,2024-03-05,25
CNB0005666,2024-05-02,48
CNB0005667,2025-02-06,16
CNB0005671,2024-08-06,54
CNB0005675,2024-06-17,3
CNB0005677,2025-02-20,51
CNB0005680,2024-08-31,70
CNB0005684,2024-09-17,3
CNB0005687,2024-01-03,3
CNB0005696,2024-12-14,3
CNB0005697,2024-06-13,41
CNB0005705,2024-05-24,77
CNB0005706,2024-06-15,54
CNB0005707,2024-03-20,45
CNB0005710,2024-10-05,9
CNB0005711,2024-07-11,3
CNB0005712,2024-07-17,3
CNB0005715,2025-02-25,9
CNB0005722,2024-01-26,3
CNB0005725,2024-11-07,6
CNB0005726,2024-06-28,22
CNB0005733,2024-02-25,3
CNB0005735,2024-02-08,12
CNB0005741,2024-01-01,86
CNB0005744,2024-09-18,38
CNB0005749,2024-03-18,12
CNB0005753,2025-01-01,25
CNB0005754,2025-01-03,51
CNB0005756,2024-02-23,12
CNB0005761,2024-05-31,83
CNB0005769,2024-07-16,122
CNB0005775,2024-02-02,25
CNB0005778,2024-05-19,9
CNB0005780,2024-04-03,12
CNB0005782,2024-09-18,64
CNB0005784,2025-02-12,80
CNB0005792,2024-11-24,25
CNB0005796,2024-06-11,38
CNB0005808,2024-04-27,22
CNB0005815,2024-01-29,112
CNB0005816,2024-02-03,112
CNB0005822,2024-09-28,3
CNB0005823,2024-04-27,54
CNB0005824,2024-08-10,41
CNB0005837,2024-09-10,25
CNB0005840,2024-05-24,25
CNB0005842,2024-04-29,3
CNB0005847,2024-03-12,12
CNB0005849,2024-01-14,41
CNB0005858,2024-11-09,12
CNB0005860,2024-09-30,6
CNB0005868,2024-03-22,6
CNB0005869,2024-03-26,3
CNB0005871,2024-07-24,48
CNB0005876,2024-05-28,3
CNB0005877,2024-09-09,3
CNB0005878,2024-08-27,183
CNB0005880,2024-04-23,38
CNB0005881,2025-02-21,12
CNB0005886,2024-04-25,3
CNB0005888,2024-08-29,64
CNB0005889,2024-11-26,54
CNB0005890,2024-03-01,16
CNB0005892,2024-09-20,9
CNB0005893,2024-03-17,25
CNB0005895,2024-05-09,3
CNB0005896,2024-05-24,6
CNB0005897,2025-01-01,3
CNB0005901,2024-01-16,3
CNB0005909,2024-07-08,38
CNB0005910,2024-02-02,12
CNB0005916,2024-05-15,38
CNB0005918,2024-11-06,32
CNB0005920,2024-10-16,73
CNB0005923,2024-04-21,6
CNB0005927,2024-10-04,38
CNB0005931,2024-05-13,3
CNB0005936,2024-03-01,19
CNB0005938,2024-12-25,6
CNB0005943,2024-10-11,32
CNB0005944,2025-02-08,16
CNB0005946,2024-07-20,67
CNB0005951,2024-01-19,12
CNB0005955,2024-02-29,9
CNB0005963,2025-01-23,19
CNB0005967,2024-11-06,9
CNB0005968,2024-04-03,64
CNB0005970,2024-03-13,9
CNB0005973,2024-04-06,12
CNB0005975,2024-02-22,96
CNB0005976,2024-11-11,3
CNB0005977,2024-04-26,64
CNB0005981,2024-12-28,12
CNB0005982,2024-08-31,93
CNB0005985,2024-03-27,3
CNB0005986,2024-02-12,22
CNB0005990,2024-06-20,48
CNB0005998,2024-01-21,3
CNB0005999,2024-10-30,28
CNB0006000,2024-06-16,6
CNB0006011,2024-02-08,28
CNB0006013,2024-05-04,54
CNB0006023,2024-02-17,3
CNB0006024,2024-05-11,3
CNB0006029,2024-07-25,38
CNB0006035,2024-01-20,45
CNB0006036,2024-03-24,3
CNB0006039,2024-04-25,32
CNB0006043,2024-01-03,6
CNB0006045,2024-07-12,41
CNB0006048,2024-11-27,12
CNB0006052,2024-06-10,22
CNB0006053,2024-07-19,6
CNB0006056,2024-07-20,48
CNB0006058,2025-02-06,28
CNB0006061,2024-01-27,22
CNB0006068,2024-07-07,57
CNB0006070,2024-03-04,3
CNB0006073,2024-07-13,3
CNB0006075,2024-08-18,12
CNB0006081,2024-05-04,54
CNB0006087,2025-02-12,6
CNB0006089,2024-08-25,3
CNB0006095,2024-02-03,9
CNB0006096,2024-10-20,3
CNB0006098,2024-01-09,51
CNB0006104,2024-05-24,28
CNB0006112,2024-06-18,3
CNB0006124,2024-10-10,45
CNB0006129,2024-06-22,28
CNB0006130,2024-01-10,6
CNB0006132,2024-10-03,12
CNB0006133,2024-10-11,6
CNB0006135,2024-05-08,3
CNB0006136,2024-09-19,32
CNB0006138,2024-04-10,6
CNB0006144,2024-02-03,6
CNB0006145,2024-07-24,12
CNB0006151,2024-11-25,25
CNB0006152,2024-08-15,12
CNB0006159,2024-09-18,3
CNB0006165,2024-02-03,6
CNB0006168,2024-06-15,35
CNB0006169,2024-04-27,6
CNB0006174,2024-11-09,19
CNB0006175,2024-09-19,3
CNB0006176,2024-04-11,35
CNB0006178,2024-03-08,16
CNB0006179,2024-11-29,19
CNB0006181,2024-02-18,6
CNB0006184,2024-02-15,38
CNB0006186,2024-05-21,3
CNB0006203,2024-10-21,9
CNB0006207,2024-07-03,28
CNB0006209,2025-01-14,6
CNB0006211,2024-06-18,19
CNB0006213,2024-02-25,32
CNB0006217,2024-03-30,3
CNB0006226,2024-05-10,25
CNB0006232,2024-06-06,9
CNB0006235,2024-09-18,3
CNB0006238,2024-12-09,25
CNB0006240,2024-07-26,35
CNB0006241,2025-02-26,131
CNB0006243,2024-06-20,6
CNB0006247,2024-08-11,6
CNB0006257,2024-09-28,3
CNB0006258,2024-10-11,32
CNB0006260,2024-04-13,32
CNB0006261,2024-10-10,48
CNB0006263,2025-01-16,6
CNB0006269,2024-01-24,22
CNB0006270,2024-06-01,9
CNB0006272,2024-09-23,25
CNB0006273,2024-07-15,12
CNB0006274,2024-10-16,22
CNB0006280,2024-03-19,45
CNB0006286,2024-09-17,22
CNB0006287,2024-01-24,35
CNB0006291,2024-10-23,3
CNB0006292,2024-03-30,19
CNB0006293,2024-04-24,70
CNB0006297,2024-04-08,9
CNB0006301,2024-11-09,6
CNB0006303,2024-11-06,35
CNB0006306,2024-04-18,22
CNB0006312,2024-04-19,9
CNB0006313,2024-06-25,64
CNB0006316,2024-04-20,6
CNB0006317,2025-02-05,93
CNB0006325,2024-03-16,19
CNB0006329,2024-02-17,9
CNB0006330,2024-06-24,3
CNB0006335,2025-01-25,32
CNB0006342,2024-05-29,51
CNB0006344,2024-02-04,3
CNB0006347,2024-05-22,6
CNB0006351,2024-02-02,67
CNB0006354,2024-03-24,54
CNB0006362,2024-12-13,16
CNB0006366,2024-08-11,32
CNB0006367,2024-12-28,25
CNB0006368,2024-06-08,9
CNB0006374,2024-08-07,25
CNB0006376,2024-03-20,41
CNB0006384,2024-09-18,3
CNB0006385,2024-09-21,3
CNB0006386,2024-02-03,9
CNB0006387,2024-04-13,32
CNB0006388,2024-07-19,12
CNB0006391,2024-04-15,32
CNB0006392,2024-06-06,70
CNB0006393,2024-09-21,25
CNB0006396,2024-09-22,25
CNB0006408,2025-02-18,12
CNB0006409,2024-02-21,22
CNB0006417,2024-11-16,41
CNB0006424,2024-09-13,3
CNB0006427,2024-03-28,3
CNB0006429,2024-05-15,3
CNB0006433,2024-07-09,35
CNB0006434,2024-06-10,32
CNB0006438,2024-06-19,3
CNB0006440,2024-07-18,16
CNB0006441,2024-04-05,45
CNB0006444,2024-10-30,3
CNB0006447,2024-10-27,48
CNB0006454,2024-02-01,38
CNB0006461,2025-02-10,6
CNB0006462,2024-08-31,51
CNB0006463,2024-06-13,9
CNB0006466,2024-10-11,16
CNB0006469,2024-02-14,3
CNB0006471,2024-01-07,41
CNB0006476,2024-03-30,73
CNB0006477,2024-09-26,19
CNB0006492,2024-06-06,32
CNB0006493,2024-01-15,22
CNB0006495,2024-04-25,9
CNB0006496,2024-09-20,25
CNB0006500,2024-04-06,16
CNB0006503,2024-03-19,25
CNB0006505,2024-03-05,3
CNB0006506,2024-11-26,6
CNB0006510,2024-03-29,3
CNB0006512,2024-09-18,38
CNB0006513,2024-11-15,25
CNB0006530,2024-05-29,3
CNB0006531,2024-08-02,32
CNB0006535,2024-06-06,28
CNB0006537,2024-06-01,83
CNB0006538,2024-03-12,28
CNB0006539,2024-09-16,41
CNB0006540,2024-03-20,28
CNB0006542,2024-08-09,6
CNB0006543,2024-05-18,3
CNB0006555,2024-05-03,3
CNB0006556,2024-10-10,3
CNB0006558,2024-09-18,45
CNB0006560,2024-03-19,122
CNB0006562,2024-08-15,9
CNB0006564,2024-01-18,28
CNB0006570,2024-04-23,61
CNB0006578,2024-12-23,22
CNB0006579,2024-01-05,3
CNB0006580,2024-04-05,3
CNB0006591,2024-01-02,3
CNB0006592,2024-02-03,9
CNB0006594,2024-09-18,16
CNB0006596,2024-08-28,3
CNB0006608,2024-09-03,19
CNB0006609,2024-10-29,3
CNB0006613,2024-07-04,35
CNB0006614,2024-07-15,3
CNB0006616,2024-01-02,54
CNB0006617,2024-02-03,22
CNB0006619,2024-03-11,57
CNB0006621,2024-03-13,9
CNB0006622,2024-10-20,22
CNB0006624,2024-07-14,57
CNB0006625,2024-02-16,6
CNB0006630,2024-02-17,6
CNB0006637,2024-06-16,28
CNB0006638,2024-01-02,19
CNB0006641,2024-10-25,3
CNB0006644,2024-07-27,57
CNB0006645,2024-05-12,25
CNB0006653,2024-11-10,9
CNB0006654,2024-02-10,28
CNB0006656,2024-03-28,28
CNB0006660,2024-03-15,109
CNB0006661,2024-06-28,25
CNB0006662,2024-01-28,3
CNB0006668,2025-01-11,3
CNB0006670,2024-10-15,3
CNB0006671,2025-01-05,3
CNB0006675,2024-06-30,45
CNB0006678,2024-01-09,9
CNB0006679,2024-10-25,80
CNB0006682,2024-11-19,3
CNB0006683,2024-08-27,19
CNB0006687,2024-10-26,35
CNB0006689,2024-02-09,57
CNB0006691,2025-01-04,3
CNB0006692,2024-02-27,54
CNB0006695,2024-03-20,3
CNB0006696,2024-01-16,6
CNB0006698,2024-05-22,9
CNB0006702,2024-01-29,25
CNB0006713,2024-09-23,16
CNB0006717,2024-01-08,3
CNB0006721,2024-08-20,12
CNB0006722,2024-05-15,3
CNB0006725,2024-04-22,3
CNB0006726,2025-02-19,22
CNB0006729,2024-07-20,16
CNB0006731,2024-07-09,38
CNB0006734,2025-02-08,25
CNB0006741,2024-07-13,3
CNB0006743,2024-03-17,25
CNB0006747,2024-09-27,16
CNB0006749,2024-07-25,22
CNB0006754,2024-12-27,45
CNB0006757,2024-07-29,22
CNB0006759,2024-09-01,3
CNB0006762,2024-05-24,9
CNB0006764,2024-06-05,48
CNB0006768,2024-06-17,25
CNB0006769,2024-10-30,9
CNB0006774,2024-04-16,6
CNB0006776,2024-03-14,54
CNB0006779,2024-04-30,3
CNB0006793,2024-09-21,3
CNB0006797,2024-03-21,48
CNB0006803,2024-10-08,3
CNB0006804,2024-01-25,35
CNB0006805,2024-04-06,16
CNB0006806,2024-03-10,19
CNB0006808,2024-10-14,86
CNB0006809,2024-01-01,28
CNB0006810,2024-09-20,22
CNB0006814,2024-07-17,3
CNB0006819,2024-05-01,3
CNB0006820,2024-01-23,6
CNB0006828,2024-07-07,3
CNB0006830,2024-06-03,12
CNB0006833,2024-09-30,6
CNB0006846,2024-08-23,45
CNB0006847,2024-02-21,6
CNB0006848,2025-02-02,6
CNB0006849,2025-01-01,41
CNB0006850,2024-04-26,3
CNB0006851,2024-02-02,6
CNB0006853,2024-01-02,22
CNB0006857,2024-03-17,9
CNB0006858,2024-08-22,35
CNB0006861,2024-10-20,77
CNB0006862,2024-01-02,9
CNB0006866,2024-01-06,19
CNB0006867,2024-02-16,3
CNB0006869,2024-03-11,12
CNB0006875,2024-07-08,22
CNB0006877,2024-01-30,3
CNB0006884,2024-06-11,6
CNB0006887,2024-09-18,3
CNB0006888,2024-09-18,19
CNB0006889,2025-01-02,61
CNB0006891,2024-02-27,48
CNB0006892,2024-02-12,3
CNB0006901,2024-11-03,83
CNB0006902,2024-08-23,51
CNB0006903,2024-08-12,12
CNB0006905,2024-12-27,48
CNB0006911,2024-10-18,3
CNB0006913,2024-05-13,3
CNB0006916,2024-06-05,22
CNB0006919,2024-01-06,28
CNB0006920,2024-10-09,6
CNB0006925,2024-06-27,45
CNB0006928,2024-06-24,48
CNB0006943,2024-01-17,22
CNB0006944,2024-06-21,22
CNB0006946,2024-08-06,12
CNB0006947,2024-11-06,196
CNB0006948,2024-01-05,3
CNB0006949,2024-09-10,22
CNB0006950,2024-09-18,12
CNB0006953,2024-06-22,19
CNB0006958,2024-04-14,6
CNB0006960,2025-02-19,19
CNB0006962,2024-08-05,9
CNB0006965,2024-09-11,22
CNB0006967,2024-08-22,3
CNB0006975,2024-05-04,9
CNB0006981,2024-10-23,96
CNB0006983,2024-04-18,25
CNB0006984,2024-01-24,80
CNB0006987,2024-03-28,45
CNB0006998,2024-01-04,9
CNB0006999,2024-04-29,9
CNB0007001,2024-02-26,32
CNB0007003,2024-09-18,19
CNB0007009,2024-02-27,9
CNB0007010,2024-09-08,3
CNB0007012,2024-01-19,3
CNB0007018,2024-02-26,38
CNB0007019,2024-04-27,41
CNB0007020,2024-05-21,19
CNB0007023,2024-07-29,19
CNB0007024,2024-05-09,57
CNB0007025,2024-11-22,16
CNB0007026,2024-05-17,16
CNB0007030,2025-02-13,22
CNB0007033,2024-07-20,22
CNB0007034,2024-02-24,67
CNB0007037,2024-07-24,128
CNB0007039,2024-03-10,9
CNB0007047,2024-05-07,6
CNB0007051,2024-01-19,3
CNB0007055,2024-01-08,3
CNB0007058,2024-07-31,32
CNB0007063,2024-11-23,16
CNB0007068,2024-12-12,3
CNB0007069,2025-01-18,25
CNB0007073,2024-02-29,3
CNB0007074,2024-06-11,54
CNB0007076,2024-02-17,9
CNB0007081,2024-02-12,48
CNB0007087,2024-09-16,12
CNB0007090,2024-04-06,3
CNB0007094,2024-01-15,22
CNB0007098,2024-01-10,6
CNB0007099,2024-07-18,3
CNB0007102,2024-09-20,3
CNB0007105,2024-03-17,3
CNB0007107,2024-03-16,16
CNB0007109,2024-02-14,9
CNB0007112,2024-05-09,41
CNB0007113,2024-01-10,45
CNB0007116,2024-07-04,3
CNB0007121,2024-04-02,9
CNB0007122,2024-01-02,3
CNB0007123,2024-11-16,9
CNB0007124,2024-04-19,3
CNB0007130,2024-04-24,3
CNB0007131,2024-01-31,3
CNB0007135,2024-08-04,25
CNB0007136,2025-01-31,3
CNB0007138,2024-02-10,12
CNB0007139,2024-04-18,35
CNB0007141,2024-05-09,3
CNB0007143,2024-07-20,6
CNB0007149,2024-01-23,6
CNB0007151,2024-07-08,25
CNB0007154,2024-03-15,12
CNB0007157,2024-01-24,41
CNB0007158,2024-01-06,16
CNB0007160,2024-06-08,19
CNB0007167,2024-05-09,22
CNB0007173,2024-01-09,3
CNB0007175,2024-01-06,54
CNB0007180,2024-12-27,3
CNB0007181,2025-01-28,57
CNB0007184,2024-11-01,41
CNB0007185,2024-11-21,32
CNB0007189,2025-01-31,54
CNB0007191,2024-07-08,12
CNB0007194,2024-11-22,3
CNB0007198,2024-02-23,9
CNB0007200,2024-09-25,32
CNB0007204,2024-02-06,32
CNB0007206,2024-05-26,73
CNB0007217,2024-09-29,32
CNB0007218,2024-12-14,3
CNB0007222,2024-03-21,3
CNB0007225,2024-03-25,6
CNB0007229,2024-03-05,16
CNB0007235,2024-12-01,3
CNB0007240,2025-01-13,73
CNB0007247,2025-01-05,32
CNB0007249,2024-05-03,22
CNB0007252,2024-06-10,6
CNB0007255,2024-07-08,3
CNB0007261,2024-12-08,16
CNB0007263,2024-05-30,90
CNB0007268,2024-01-11,16
CNB0007270,2024-10-13,9
CNB0007273,2024-03-24,6
CNB0007278,2024-05-20,54
CNB0007281,2024-02-16,3
CNB0007284,2024-05-10,57
CNB0007287,2024-06-30,64
CNB0007289,2024-05-01,3
CNB0007292,2024-04-10,12
CNB0007295,2024-08-03,3
CNB0007297,2024-08-05,9
CNB0007298,2024-01-31,3
CNB0007300,2024-01-04,86
CNB0007304,2024-02-03,6
CNB0007310,2024-04-29,51
CNB0007311,2024-05-21,6
CNB0007313,2024-11-09,12
CNB0007314,2024-01-18,9
CNB0007315,2024-06-17,16
CNB0007324,2024-03-28,3
CNB0007325,2024-09-18,3
CNB0007338,2024-01-04,25
CNB0007339,2024-03-30,61
CNB0007340,2024-10-08,22
CNB0007341,2024-05-11,16
CNB0007343,2024-02-10,9
CNB0007349,2024-08-10,12
CNB0007353,2024-07-20,3
CNB0007354,2024-09-26,3
CNB0007356,2024-09-08,9
CNB0007358,2024-02-29,32
CNB0007359,2024-05-05,3
CNB0007363,2024-07-29,3
CNB0007369,2024-01-02,16
CNB0007370,2024-10-15,38
CNB0007375,2024-06-21,16
CNB0007380,2024-01-02,32
CNB0007384,2024-05-28,41
CNB0007390,2024-05-25,6
CNB0007391,2024-01-14,6
CNB0007392,2024-02-14,6
CNB0007393,2024-10-30,41
CNB0007401,2024-11-14,28
CNB0007406,2024-02-09,3
CNB0007409,2024-03-05,38
CNB0007412,2024-02-28,19
CNB0007414,2024-09-06,51
CNB0007419,2024-01-25,28
CNB0007421,2025-01-03,9
CNB0007423,2024-11-16,22
CNB0007424,2024-04-26,70
CNB0007426,2024-06-27,12
CNB0007427,2024-01-24,19
CNB0007429,2024-04-21,35
CNB0007431,2024-01-30,57
CNB0007433,2024-05-13,3
CNB0007441,2024-08-02,3
CNB0007443,2024-01-11,12
CNB0007447,2025-02-18,16
CNB0007449,2024-03-13,77
CNB0007450,2024-06-21,16
CNB0007451,2024-02-08,6
CNB0007452,2024-09-04,6
CNB0007458,2024-01-11,70
CNB0007459,2024-05-27,6
CNB0007460,2024-08-21,38
CNB0007462,2024-03-08,35
CNB0007464,2024-12-04,32
CNB0007465,2024-04-21,3
CNB0007468,2024-10-09,99
CNB0007470,2024-09-18,9
CNB0007472,2024-03-25,25
CNB0007475,2024-11-10,28
CNB0007478,2024-02-09,6
CNB0007482,2024-06-14,173
CNB0007489,2024-03-20,16
CNB0007497,2024-12-20,16
CNB0007498,2024-06-16,16
CNB0007499,2024-06-08,6
CNB0007503,2024-05-22,32
CNB0007504,2024-02-27,3
CNB0007505,2024-01-29,25
CNB0007509,2024-05-27,19
CNB0007512,2024-12-16,6
CNB0007514,2024-09-12,6
CNB0007517,2024-05-02,12
CNB0007518,2024-01-06,41
CNB0007519,2024-07-25,19
CNB0007520,2024-09-18,41
CNB0007524,2024-02-20,9
CNB0007526,2024-05-26,3
CNB0007528,2024-10-05,6
CNB0007535,2024-11-12,22
CNB0007537,2024-01-19,3
CNB0007538,2024-05-27,35
CNB0007539,2024-03-16,70
CNB0007540,2024-06-22,16
CNB0007543,2024-08-21,28
CNB0007544,2024-12-03,38
CNB0007547,2024-09-11,3
CNB0007548,2024-08-24,77
CNB0007549,2025-01-08,22
CNB0007551,2024-08-03,3
CNB0007552,2024-08-02,57
CNB0007558,2024-07-24,9
CNB0007561,2024-08-30,16
CNB0007562,2024-04-24,6
CNB0007563,2025-02-07,6
CNB0007568,2024-02-29,38
CNB0007570,2024-09-18,86
CNB0007572,2024-02-05,3
CNB0007573,2024-05-01,3
CNB0007574,2024-03-03,22
CNB0007575,2024-01-04,12
CNB0007576,2024-04-21,3
CNB0007580,2024-10-20,32
CNB0007591,2024-08-20,6
CNB0007592,2024-11-11,6
CNB0007595,2024-05-07,9
CNB0007596,2024-06-05,9
CNB0007597,2024-09-30,12
CNB0007598,2024-12-26,6
CNB0007606,2024-01-21,38
CNB0007612,2024-11-10,19
CNB0007613,2024-06-25,77
CNB0007614,2024-07-07,3
CNB0007616,2024-05-21,25
CNB0007618,2024-02-05,9
CNB0007623,2024-06-12,35
CNB0007624,2024-11-30,25
CNB0007625,2024-06-26,16
CNB0007628,2024-09-18,51
CNB0007631,2024-06-15,54
CNB0007634,2024-09-20,19
CNB0007635,2024-04-10,41
CNB0007642,2024-08-19,61
CNB0007645,2024-08-08,3
CNB0007646,2024-12-11,12
CNB0007648,2024-04-04,3
CNB0007650,2024-07-12,3
CNB0007651,2024-01-13,3
CNB0007663,2024-03-30,3
CNB0007667,2024-06-27,25
CNB0007669,2024-03-23,3
CNB0007677,2024-10-16,6
CNB0007682,2025-01-25,32
CNB0007683,2024-05-21,12
CNB0007686,2024-11-14,41
CNB0007692,2024-07-01,3
CNB0007696,2024-03-26,25
CNB0007701,2024-01-04,3
CNB0007704,2024-03-31,3
CNB0007705,2024-06-29,19
CNB0007710,2024-08-30,3
CNB0007711,2024-11-05,28
CNB0007718,2024-02-18,48
CNB0007720,2024-02-21,22
CNB0007723,2024-05-18,22
CNB0007724,2024-10-13,19
CNB0007727,2024-06-01,32
CNB0007732,2024-09-18,25
CNB0007735,2024-02-01,3
CNB0007738,2024-07-20,45
CNB0007740,2024-01-02,73
CNB0007743,2024-06-07,12
CNB0007744,2024-11-07,51
CNB0007745,2024-03-04,22
CNB0007747,2024-01-26,3
CNB0007749,2024-03-06,38
CNB0007751,2024-02-13,22
CNB0007753,2024-03-05,3
CNB0007756,2024-10-14,38
CNB0007758,2025-01-25,35
CNB0007760,2024-06-18,19
CNB0007765,2024-05-24,41
CNB0007767,2024-10-04,35
CNB0007771,2024-10-26,9
CNB0007775,2024-01-16,35
CNB0007778,2024-05-10,12
CNB0007779,2024-06-30,3
CNB0007781,2025-01-11,19
CNB0007783,2024-04-20,6
CNB0007786,2024-07-27,57
CNB0007789,2024-04-14,6
CNB0007790,2024-04-23,3
CNB0007796,2024-02-19,25
CNB0007799,2024-02-27,54
CNB0007803,2024-02-18,19
CNB0007809,2024-07-23,106
CNB0007811,2024-06-17,3
CNB0007814,2024-10-14,25
CNB0007815,2024-04-17,25
CNB0007817,2024-09-29,25
CNB0007832,2024-01-30,3
CNB0007835,2024-08-24,9
CNB0007842,2024-10-18,6
CNB0007851,2024-01-23,70
CNB0007852,2024-03-07,3
CNB0007856,2024-01-09,3
CNB0007859,2024-06-18,9
CNB0007860,2024-01-10,25
CNB0007862,2024-04-29,19
CNB0007865,2024-06-28,16
CNB0007868,2024-05-19,51
CNB0007871,2024-08-30,3
CNB0007872,2024-11-09,54
CNB0007873,2024-07-23,6
CNB0007874,2024-02-26,6
CNB0007877,2024-07-08,99
CNB0007879,2024-04-05,3
CNB0007880,2024-02-24,3
CNB0007886,2024-02-07,19
CNB0007889,2024-04-22,3
CNB0007891,2024-12-02,9
CNB0007896,2024-03-16,9
CNB0007912,2024-08-07,12
CNB0007919,2024-11-25,3
CNB0007921,2024-03-10,12
CNB0007924,2024-11-09,3
CNB0007926,2024-07-26,35
CNB0007932,2024-08-10,6
CNB0007933,2024-03-26,3
CNB0007936,2024-07-01,3
CNB0007942,2024-02-04,22
CNB0007945,2024-09-11,3
CNB0007946,2024-07-21,51
CNB0007952,2025-01-01,41
CNB0007958,2024-04-21,41
CNB0007963,2024-01-28,22
CNB0007964,2024-09-26,25
CNB0007965,2024-03-01,9
CNB0007966,2024-08-18,25
CNB0007967,2024-02-16,28
CNB0007969,2024-12-05,19
CNB0007970,2024-06-18,9
CNB0007972,2024-01-03,3
CNB0007976,2024-12-14,90
CNB0007977,2024-09-17,3
CNB0007982,2024-10-15,3
CNB0007983,2024-06-22,9
CNB0007985,2024-02-07,35
CNB0007993,2024-08-18,51
CNB0007998,2024-04-24,57
CNB0008004,2024-11-01,22
CNB0008005,2024-01-24,35
CNB0008006,2024-12-01,3
CNB0008007,2024-09-30,12
CNB0008011,2025-01-11,9
CNB0008014,2024-09-18,3
CNB0008022,2024-10-24,25
CNB0008023,2024-11-23,28
CNB0008025,2024-12-01,51
CNB0008028,2025-01-24,3
CNB0008031,2024-03-17,9
CNB0008033,2024-03-11,12
CNB0008036,2024-12-16,3
CNB0008039,2024-08-11,12
CNB0008041,2024-01-08,90
CNB0008045,2024-04-14,41
CNB0008048,2024-11-17,3
CNB0008059,2024-01-23,3
CNB0008062,2024-02-25,9
CNB0008063,2024-09-04,51
CNB0008064,2024-01-17,73
CNB0008068,2024-11-17,3
CNB0008073,2024-03-20,3
CNB0008079,2024-05-16,6
CNB0008080,2024-05-04,3
CNB0008081,2024-07-07,19
CNB0008085,2024-11-10,6
CNB0008086,2024-02-17,25
CNB0008089,2024-08-22,28
CNB0008090,2024-03-14,3
CNB0008092,2024-08-28,25
CNB0008104,2024-05-02,3
CNB0008106,2024-09-08,25
CNB0008107,2024-01-28,12
CNB0008109,2024-04-21,16
CNB0008111,2024-02-06,6
CNB0008112,2024-11-14,57
CNB0008113,2024-05-11,9
CNB0008117,2024-01-27,6
CNB0008122,2024-11-26,16
CNB0008123,2024-10-15,45
CNB0008126,2025-02-01,22
CNB0008129,2024-09-18,19
CNB0008132,2024-09-02,19
CNB0008133,2024-06-07,3
CNB0008134,2024-07-07,6
CNB0008143,2024-12-12,3
CNB0008146,2024-04-17,6
CNB0008147,2024-07-20,64
CNB0008150,2024-10-28,6
CNB0008154,2024-06-27,6
CNB0008156,2024-10-08,6
CNB0008159,2024-01-18,57
CNB0008169,2024-02-18,19
CNB0008171,2024-12-21,45
CNB0008173,2025-02-13,6
CNB0008176,2024-08-02,41
CNB0008183,2024-07-03,3
CNB0008184,2024-08-09,6
CNB0008185,2025-01-22,25
CNB0008187,2024-09-02,80
CNB0008192,2024-07-16,9
CNB0008193,2024-08-17,73
CNB0008194,2024-07-12,16
CNB0008196,2024-09-08,16
CNB0008199,2024-02-26,6
CNB0008201,2024-03-04,41
CNB0008203,2024-03-27,3
CNB0008204,2024-04-02,3
CNB0008207,2024-04-16,22
CNB0008208,2024-08-25,6
CNB0008217,2024-01-27,3
CNB0008218,2024-02-11,48
CNB0008219,2024-02-23,3
CNB0008221,2024-05-17,12
CNB0008222,2024-11-26,19
CNB0008224,2025-01-14,6
CNB0008227,2024-07-12,51
CNB0008231,2024-10-08,9
CNB0008233,2024-10-02,12
CNB0008236,2024-01-22,6
CNB0008237,2024-06-08,35
CNB0008239,2024-01-10,51
CNB0008240,2024-03-27,48
CNB0008244,2024-07-17,6
CNB0008253,2025-01-01,9
CNB0008254,2025-02-15,6
CNB0008256,2024-07-20,9
CNB0008259,2024-10-13,3
CNB0008260,2024-06-30,6
CNB0008262,2024-02-20,3
CNB0008263,2025-01-01,12
CNB0008264,2024-11-21,157
CNB0008267,2024-01-07,3
CNB0008268,2024-03-08,41
CNB0008270,2024-04-20,25
CNB0008271,2024-12-21,3
CNB0008275,2024-05-25,6
CNB0008282,2024-03-20,3
CNB0008284,2024-05-20,9
CNB0008285,2024-03-27,16
CNB0008291,2024-02-21,35
CNB0008293,2024-05-30,3
CNB0008294,2024-09-20,3
CNB0008295,2024-09-09,3
CNB0008296,2024-07-04,9
CNB0008298,2024-07-05,9
CNB0008304,2025-01-01,38
CNB0008309,2024-09-26,25
CNB0008312,2024-09-24,3
CNB0008313,2024-04-27,12
CNB0008314,2024-05-19,9
CNB0008320,2024-10-02,54
CNB0008321,2024-03-28,19
CNB0008327,2024-10-03,9
CNB0008332,2025-02-03,9
CNB0008334,2024-10-05,25
CNB0008335,2024-06-04,32
CNB0008337,2024-09-29,6
CNB0008338,2024-06-17,9
CNB0008339,2024-06-03,3
CNB0008342,2024-09-18,6
CNB0008344,2024-03-29,3
CNB0008347,2024-07-20,16
CNB0008357,2024-09-30,3
CNB0008359,2024-10-03,19
CNB0008360,2024-02-25,9
CNB0008361,2025-01-26,9
CNB0008363,2025-02-15,12
CNB0008364,2024-09-06,48
CNB0008366,2024-06-20,67
CNB0008370,2024-11-10,25
CNB0008371,2024-10-22,32
CNB0008374,2024-09-18,16
CNB0008375,2024-09-01,19
CNB0008381,2024-10-05,22
CNB0008386,2024-01-31,35
CNB0008388,2024-09-30,3
CNB0008391,2024-11-19,16
CNB0008394,2024-02-06,45
CNB0008395,2024-06-29,9
CNB0008400,2024-03-07,48
CNB0008402,2024-05-09,38
CNB0008403,2024-02-09,35
CNB0008404,2024-07-10,28
CNB0008405,2024-07-04,41
CNB0008406,2024-06-30,3
CNB0008409,2024-10-07,6
CNB0008416,2024-12-12,16
CNB0008418,2024-04-11,6
CNB0008425,2024-02-18,3
CNB0008429,2024-02-26,80
CNB0008431,2024-06-19,32
CNB0008437,2024-03-31,45
CNB0008439,2024-01-09,54
CNB0008440,2024-05-09,12
CNB0008445,2024-09-25,6
CNB0008450,2024-04-02,3
CNB0008452,2024-07-01,28
CNB0008455,2024-01-28,6
CNB0008456,2024-01-02,51
CNB0008460,2024-09-26,28
CNB0008462,2024-03-15,3
CNB0008464,2024-01-19,3
CNB0008468,2024-03-15,9
CNB0008470,2024-03-10,57
CNB0008471,2024-01-11,12
CNB0008474,2024-09-18,9
CNB0008478,2024-04-23,16
CNB0008479,2025-02-12,9
CNB0008485,2024-07-03,67
CNB0008489,2024-04-15,9
CNB0008490,2024-01-19,19
CNB0008491,2024-06-22,19
CNB0008493,2024-07-20,6
CNB0008494,2024-09-07,3
CNB0008495,2024-11-21,19
CNB0008499,2024-10-23,45
CNB0008500,2024-07-21,54
